filename,width,height,class,xmin,ymin,xmax,ymax
1947_jpg.rf.01ad5552c41b84eb9c03937f021bd712.jpg,640,640,x,0,166,40,344
1947_jpg.rf.01ad5552c41b84eb9c03937f021bd712.jpg,640,640,x,67,186,109,345
1947_jpg.rf.01ad5552c41b84eb9c03937f021bd712.jpg,640,640,x,407,215,459,367
1947_jpg.rf.01ad5552c41b84eb9c03937f021bd712.jpg,640,640,-,121,236,177,278
1947_jpg.rf.01ad5552c41b84eb9c03937f021bd712.jpg,640,640,-,464,257,514,300
1947_jpg.rf.01ad5552c41b84eb9c03937f021bd712.jpg,640,640,-,269,209,327,317
1947_jpg.rf.01ad5552c41b84eb9c03937f021bd712.jpg,640,640,-,43,99,77,432
1947_jpg.rf.01ad5552c41b84eb9c03937f021bd712.jpg,640,640,-,385,125,417,430
1947_jpg.rf.01ad5552c41b84eb9c03937f021bd712.jpg,640,640,-,237,101,261,450
1947_jpg.rf.01ad5552c41b84eb9c03937f021bd712.jpg,640,640,-,560,135,586,473
1947_jpg.rf.01ad5552c41b84eb9c03937f021bd712.jpg,640,640,2,187,112,229,355
1947_jpg.rf.01ad5552c41b84eb9c03937f021bd712.jpg,640,640,2,508,137,554,371
1947_jpg.rf.01ad5552c41b84eb9c03937f021bd712.jpg,640,640,5,341,128,380,368
1692_jpg.rf.1950cdd847885a6e1b3852767e1dae58.jpg,640,640,2,24,139,99,299
1692_jpg.rf.1950cdd847885a6e1b3852767e1dae58.jpg,640,640,-,129,157,202,284
1692_jpg.rf.1950cdd847885a6e1b3852767e1dae58.jpg,640,640,sqrt,249,82,442,307
1692_jpg.rf.1950cdd847885a6e1b3852767e1dae58.jpg,640,640,5,356,141,426,294
1692_jpg.rf.1950cdd847885a6e1b3852767e1dae58.jpg,640,640,-,25,313,467,352
1692_jpg.rf.1950cdd847885a6e1b3852767e1dae58.jpg,640,640,sqrt,124,360,357,581
1692_jpg.rf.1950cdd847885a6e1b3852767e1dae58.jpg,640,640,5,253,421,307,575
2645_jpg.rf.159b6923f8def4ccb9c29ea8a51b78eb.jpg,640,640,6,23,116,67,244
2645_jpg.rf.159b6923f8def4ccb9c29ea8a51b78eb.jpg,640,640,6,190,109,229,243
2645_jpg.rf.159b6923f8def4ccb9c29ea8a51b78eb.jpg,640,640,x,65,132,109,253
2645_jpg.rf.159b6923f8def4ccb9c29ea8a51b78eb.jpg,640,640,x,194,362,241,475
2645_jpg.rf.159b6923f8def4ccb9c29ea8a51b78eb.jpg,640,640,x,401,356,438,475
2645_jpg.rf.159b6923f8def4ccb9c29ea8a51b78eb.jpg,640,640,-,129,125,172,240
2645_jpg.rf.159b6923f8def4ccb9c29ea8a51b78eb.jpg,640,640,-,282,256,344,372
2645_jpg.rf.159b6923f8def4ccb9c29ea8a51b78eb.jpg,640,640,-,32,295,271,334
2645_jpg.rf.159b6923f8def4ccb9c29ea8a51b78eb.jpg,640,640,-,355,289,590,332
2645_jpg.rf.159b6923f8def4ccb9c29ea8a51b78eb.jpg,640,640,1,425,159,457,280
2645_jpg.rf.159b6923f8def4ccb9c29ea8a51b78eb.jpg,640,640,8,465,148,507,278
2645_jpg.rf.159b6923f8def4ccb9c29ea8a51b78eb.jpg,640,640,5,513,336,549,472
2645_jpg.rf.159b6923f8def4ccb9c29ea8a51b78eb.jpg,640,640,5,352,343,399,465
2645_jpg.rf.159b6923f8def4ccb9c29ea8a51b78eb.jpg,640,640,y,61,376,103,511
2645_jpg.rf.159b6923f8def4ccb9c29ea8a51b78eb.jpg,640,640,-,122,379,182,423
2645_jpg.rf.159b6923f8def4ccb9c29ea8a51b78eb.jpg,640,640,y,551,371,598,517
2645_jpg.rf.159b6923f8def4ccb9c29ea8a51b78eb.jpg,640,640,-,438,373,499,413
2645_jpg.rf.159b6923f8def4ccb9c29ea8a51b78eb.jpg,640,640,y,228,147,266,275
2817_jpg.rf.10410381d5b0b703410423113e8f5555.jpg,640,640,f,35,165,65,437
2817_jpg.rf.10410381d5b0b703410423113e8f5555.jpg,640,640,-,58,172,98,414
2817_jpg.rf.10410381d5b0b703410423113e8f5555.jpg,640,640,x,84,218,143,370
2817_jpg.rf.10410381d5b0b703410423113e8f5555.jpg,640,640,-,123,161,168,413
2817_jpg.rf.10410381d5b0b703410423113e8f5555.jpg,640,640,-,184,222,256,329
2817_jpg.rf.10410381d5b0b703410423113e8f5555.jpg,640,640,7,243,42,307,221
2817_jpg.rf.10410381d5b0b703410423113e8f5555.jpg,640,640,x,295,99,360,215
2817_jpg.rf.10410381d5b0b703410423113e8f5555.jpg,640,640,x,377,377,436,542
2817_jpg.rf.10410381d5b0b703410423113e8f5555.jpg,640,640,-,378,128,410,168
2817_jpg.rf.10410381d5b0b703410423113e8f5555.jpg,640,640,1,441,48,480,213
2817_jpg.rf.10410381d5b0b703410423113e8f5555.jpg,640,640,0,477,45,528,217
2817_jpg.rf.10410381d5b0b703410423113e8f5555.jpg,640,640,-,279,230,554,289
2817_jpg.rf.10410381d5b0b703410423113e8f5555.jpg,640,640,1,300,368,349,543
2817_jpg.rf.10410381d5b0b703410423113e8f5555.jpg,640,640,2,349,359,399,539
2817_jpg.rf.10410381d5b0b703410423113e8f5555.jpg,640,640,-,446,394,503,525
2817_jpg.rf.10410381d5b0b703410423113e8f5555.jpg,640,640,5,506,337,574,520
1072_jpg.rf.0490de4569a256d4d5eb9aa481ea5e37.jpg,640,640,4,78,109,107,190
1072_jpg.rf.0490de4569a256d4d5eb9aa481ea5e37.jpg,640,640,x,108,115,138,183
1072_jpg.rf.0490de4569a256d4d5eb9aa481ea5e37.jpg,640,640,-,158,120,186,139
1072_jpg.rf.0490de4569a256d4d5eb9aa481ea5e37.jpg,640,640,y,210,98,241,195
1072_jpg.rf.0490de4569a256d4d5eb9aa481ea5e37.jpg,640,640,-,257,83,293,147
1072_jpg.rf.0490de4569a256d4d5eb9aa481ea5e37.jpg,640,640,z,316,80,354,149
1072_jpg.rf.0490de4569a256d4d5eb9aa481ea5e37.jpg,640,640,-,363,83,409,125
1072_jpg.rf.0490de4569a256d4d5eb9aa481ea5e37.jpg,640,640,-,438,88,464,106
1072_jpg.rf.0490de4569a256d4d5eb9aa481ea5e37.jpg,640,640,5,468,57,510,138
1072_jpg.rf.0490de4569a256d4d5eb9aa481ea5e37.jpg,640,640,-,78,301,117,323
1072_jpg.rf.0490de4569a256d4d5eb9aa481ea5e37.jpg,640,640,x,121,281,155,350
1072_jpg.rf.0490de4569a256d4d5eb9aa481ea5e37.jpg,640,640,-,168,266,206,329
1072_jpg.rf.0490de4569a256d4d5eb9aa481ea5e37.jpg,640,640,y,226,266,259,362
1072_jpg.rf.0490de4569a256d4d5eb9aa481ea5e37.jpg,640,640,-,275,266,307,294
1072_jpg.rf.0490de4569a256d4d5eb9aa481ea5e37.jpg,640,640,z,336,255,377,319
1072_jpg.rf.0490de4569a256d4d5eb9aa481ea5e37.jpg,640,640,-,378,245,424,293
1072_jpg.rf.0490de4569a256d4d5eb9aa481ea5e37.jpg,640,640,5,490,220,530,308
1072_jpg.rf.0490de4569a256d4d5eb9aa481ea5e37.jpg,640,640,2,105,435,140,520
1072_jpg.rf.0490de4569a256d4d5eb9aa481ea5e37.jpg,640,640,x,140,453,169,516
1072_jpg.rf.0490de4569a256d4d5eb9aa481ea5e37.jpg,640,640,-,190,458,221,475
1072_jpg.rf.0490de4569a256d4d5eb9aa481ea5e37.jpg,640,640,z,245,436,278,502
1072_jpg.rf.0490de4569a256d4d5eb9aa481ea5e37.jpg,640,640,-,288,441,341,459
1072_jpg.rf.0490de4569a256d4d5eb9aa481ea5e37.jpg,640,640,1,355,403,390,492
1072_jpg.rf.0490de4569a256d4d5eb9aa481ea5e37.jpg,640,640,-,404,416,452,461
1072_jpg.rf.0490de4569a256d4d5eb9aa481ea5e37.jpg,640,640,y,519,412,552,508
174_jpg.rf.1066e8fc1e9c528f4962e2a6311df41c.jpg,640,640,-,34,191,99,235
174_jpg.rf.1066e8fc1e9c528f4962e2a6311df41c.jpg,640,640,-,222,187,277,217
174_jpg.rf.1066e8fc1e9c528f4962e2a6311df41c.jpg,640,640,4,103,111,154,257
174_jpg.rf.1066e8fc1e9c528f4962e2a6311df41c.jpg,640,640,x,152,158,193,263
174_jpg.rf.1066e8fc1e9c528f4962e2a6311df41c.jpg,640,640,x,92,413,145,536
174_jpg.rf.1066e8fc1e9c528f4962e2a6311df41c.jpg,640,640,y,348,139,395,300
174_jpg.rf.1066e8fc1e9c528f4962e2a6311df41c.jpg,640,640,y,295,408,343,566
174_jpg.rf.1066e8fc1e9c528f4962e2a6311df41c.jpg,640,640,6,300,113,346,259
174_jpg.rf.1066e8fc1e9c528f4962e2a6311df41c.jpg,640,640,6,489,346,545,507
174_jpg.rf.1066e8fc1e9c528f4962e2a6311df41c.jpg,640,640,7,46,374,94,534
174_jpg.rf.1066e8fc1e9c528f4962e2a6311df41c.jpg,640,640,2,249,357,293,523
174_jpg.rf.1066e8fc1e9c528f4962e2a6311df41c.jpg,640,640,2,488,91,543,234
174_jpg.rf.1066e8fc1e9c528f4962e2a6311df41c.jpg,640,640,5,540,77,589,239
174_jpg.rf.1066e8fc1e9c528f4962e2a6311df41c.jpg,640,640,-,414,156,476,221
174_jpg.rf.1066e8fc1e9c528f4962e2a6311df41c.jpg,640,640,-,371,407,422,486
174_jpg.rf.1066e8fc1e9c528f4962e2a6311df41c.jpg,640,640,-,173,403,227,533
174_jpg.rf.1066e8fc1e9c528f4962e2a6311df41c.jpg,640,640,1,445,351,486,503
1147_jpg.rf.1ceda3da6e7aa4605fb53427807da9ef.jpg,640,640,-,56,85,84,256
1147_jpg.rf.1ceda3da6e7aa4605fb53427807da9ef.jpg,640,640,6,88,69,136,223
1147_jpg.rf.1ceda3da6e7aa4605fb53427807da9ef.jpg,640,640,.,137,192,157,217
1147_jpg.rf.1ceda3da6e7aa4605fb53427807da9ef.jpg,640,640,4,159,82,207,220
1147_jpg.rf.1ceda3da6e7aa4605fb53427807da9ef.jpg,640,640,-,243,87,314,214
1147_jpg.rf.1ceda3da6e7aa4605fb53427807da9ef.jpg,640,640,1,362,86,389,218
1147_jpg.rf.1ceda3da6e7aa4605fb53427807da9ef.jpg,640,640,0,396,83,454,225
1147_jpg.rf.1ceda3da6e7aa4605fb53427807da9ef.jpg,640,640,7,448,60,485,156
1147_jpg.rf.1ceda3da6e7aa4605fb53427807da9ef.jpg,640,640,-,486,85,518,260
1147_jpg.rf.1ceda3da6e7aa4605fb53427807da9ef.jpg,640,640,-,44,263,542,296
1147_jpg.rf.1ceda3da6e7aa4605fb53427807da9ef.jpg,640,640,-,43,326,79,486
1147_jpg.rf.1ceda3da6e7aa4605fb53427807da9ef.jpg,640,640,1,89,324,118,465
1147_jpg.rf.1ceda3da6e7aa4605fb53427807da9ef.jpg,640,640,.,128,434,150,466
1147_jpg.rf.1ceda3da6e7aa4605fb53427807da9ef.jpg,640,640,6,157,317,204,469
1147_jpg.rf.1ceda3da6e7aa4605fb53427807da9ef.jpg,640,640,-,240,329,305,452
1147_jpg.rf.1ceda3da6e7aa4605fb53427807da9ef.jpg,640,640,1,354,328,384,466
1147_jpg.rf.1ceda3da6e7aa4605fb53427807da9ef.jpg,640,640,0,395,322,447,470
1147_jpg.rf.1ceda3da6e7aa4605fb53427807da9ef.jpg,640,640,5,447,308,485,407
1147_jpg.rf.1ceda3da6e7aa4605fb53427807da9ef.jpg,640,640,-,481,329,518,500
2292_jpg.rf.09d792e112c2927fc6c3e3581125d765.jpg,640,640,cos,40,86,126,223
2292_jpg.rf.09d792e112c2927fc6c3e3581125d765.jpg,640,640,sin,262,86,336,238
2292_jpg.rf.09d792e112c2927fc6c3e3581125d765.jpg,640,640,sec,38,339,117,507
2292_jpg.rf.09d792e112c2927fc6c3e3581125d765.jpg,640,640,csc,249,352,336,478
2292_jpg.rf.09d792e112c2927fc6c3e3581125d765.jpg,640,640,-,35,248,171,302
2292_jpg.rf.09d792e112c2927fc6c3e3581125d765.jpg,640,640,-,248,254,383,302
2292_jpg.rf.09d792e112c2927fc6c3e3581125d765.jpg,640,640,-,399,240,450,328
2292_jpg.rf.09d792e112c2927fc6c3e3581125d765.jpg,640,640,1,459,182,499,318
2292_jpg.rf.09d792e112c2927fc6c3e3581125d765.jpg,640,640,theta,136,54,176,218
2292_jpg.rf.09d792e112c2927fc6c3e3581125d765.jpg,640,640,theta,343,73,385,242
2292_jpg.rf.09d792e112c2927fc6c3e3581125d765.jpg,640,640,theta,129,310,174,490
2292_jpg.rf.09d792e112c2927fc6c3e3581125d765.jpg,640,640,theta,341,320,400,491
2292_jpg.rf.09d792e112c2927fc6c3e3581125d765.jpg,640,640,-,184,214,237,335
2866_jpg.rf.28be67a2368544eb1caa71091739c43c.jpg,640,640,-,33,121,103,530
2866_jpg.rf.28be67a2368544eb1caa71091739c43c.jpg,640,640,a,72,219,157,436
2866_jpg.rf.28be67a2368544eb1caa71091739c43c.jpg,640,640,-,166,254,254,320
2866_jpg.rf.28be67a2368544eb1caa71091739c43c.jpg,640,640,c,289,188,356,419
2866_jpg.rf.28be67a2368544eb1caa71091739c43c.jpg,640,640,-,314,93,396,493
2866_jpg.rf.28be67a2368544eb1caa71091739c43c.jpg,640,640,2,358,28,431,238
1038_jpg.rf.27718490d3dc6937a16dca5b9247b520.jpg,640,640,3,5,362,68,594
1038_jpg.rf.27718490d3dc6937a16dca5b9247b520.jpg,640,640,x,62,432,124,588
1038_jpg.rf.27718490d3dc6937a16dca5b9247b520.jpg,640,640,2,91,288,137,429
1038_jpg.rf.27718490d3dc6937a16dca5b9247b520.jpg,640,640,-,158,398,228,575
1038_jpg.rf.27718490d3dc6937a16dca5b9247b520.jpg,640,640,2,220,335,287,561
1038_jpg.rf.27718490d3dc6937a16dca5b9247b520.jpg,640,640,x,279,401,335,560
1038_jpg.rf.27718490d3dc6937a16dca5b9247b520.jpg,640,640,2,308,249,354,401
101_jpg.rf.2551f08a48a43bd5c3405ab52d8cd041.jpg,640,640,y,60,193,117,455
101_jpg.rf.2551f08a48a43bd5c3405ab52d8cd041.jpg,640,640,-,136,220,201,355
101_jpg.rf.2551f08a48a43bd5c3405ab52d8cd041.jpg,640,640,3,219,137,267,401
101_jpg.rf.2551f08a48a43bd5c3405ab52d8cd041.jpg,640,640,x,271,152,314,272
101_jpg.rf.2551f08a48a43bd5c3405ab52d8cd041.jpg,640,640,-,320,136,366,285
101_jpg.rf.2551f08a48a43bd5c3405ab52d8cd041.jpg,640,640,1,381,110,424,283
101_jpg.rf.2551f08a48a43bd5c3405ab52d8cd041.jpg,640,640,-,428,284,506,336
101_jpg.rf.2551f08a48a43bd5c3405ab52d8cd041.jpg,640,640,2,514,146,586,419
1190_jpg.rf.1e3cfe5427f0c9906dcd7f83e1fd14ac.jpg,640,640,-,26,59,82,399
1190_jpg.rf.1e3cfe5427f0c9906dcd7f83e1fd14ac.jpg,640,640,-,94,56,133,194
1190_jpg.rf.1e3cfe5427f0c9906dcd7f83e1fd14ac.jpg,640,640,4,137,68,189,167
1190_jpg.rf.1e3cfe5427f0c9906dcd7f83e1fd14ac.jpg,640,640,x,192,86,252,168
1190_jpg.rf.1e3cfe5427f0c9906dcd7f83e1fd14ac.jpg,640,640,-,247,44,287,190
1190_jpg.rf.1e3cfe5427f0c9906dcd7f83e1fd14ac.jpg,640,640,2,286,23,337,105
1190_jpg.rf.1e3cfe5427f0c9906dcd7f83e1fd14ac.jpg,640,640,y,350,82,406,191
1190_jpg.rf.1e3cfe5427f0c9906dcd7f83e1fd14ac.jpg,640,640,-,431,29,483,380
1190_jpg.rf.1e3cfe5427f0c9906dcd7f83e1fd14ac.jpg,640,640,-,85,200,419,230
1190_jpg.rf.1e3cfe5427f0c9906dcd7f83e1fd14ac.jpg,640,640,x,169,295,238,377
1190_jpg.rf.1e3cfe5427f0c9906dcd7f83e1fd14ac.jpg,640,640,y,231,296,292,411
1190_jpg.rf.1e3cfe5427f0c9906dcd7f83e1fd14ac.jpg,640,640,4,292,242,333,327
1190_jpg.rf.1e3cfe5427f0c9906dcd7f83e1fd14ac.jpg,640,640,-,489,71,553,105
1190_jpg.rf.1e3cfe5427f0c9906dcd7f83e1fd14ac.jpg,640,640,2,559,34,614,135
1498_jpg.rf.22095d95952fb3e512d99222f8cf91cb.jpg,640,640,x,16,246,69,449
1498_jpg.rf.22095d95952fb3e512d99222f8cf91cb.jpg,640,640,x,252,243,299,439
1498_jpg.rf.22095d95952fb3e512d99222f8cf91cb.jpg,640,640,2,57,93,106,303
1498_jpg.rf.22095d95952fb3e512d99222f8cf91cb.jpg,640,640,8,201,169,249,453
1498_jpg.rf.22095d95952fb3e512d99222f8cf91cb.jpg,640,640,9,397,151,449,454
1498_jpg.rf.22095d95952fb3e512d99222f8cf91cb.jpg,640,640,-,124,283,185,352
1498_jpg.rf.22095d95952fb3e512d99222f8cf91cb.jpg,640,640,-,326,191,375,453
1498_jpg.rf.22095d95952fb3e512d99222f8cf91cb.jpg,640,640,-,470,242,532,369
1498_jpg.rf.22095d95952fb3e512d99222f8cf91cb.jpg,640,640,0,544,140,612,422
2787_jpg.rf.4397bbab89929b28cd283e1cac986401.jpg,640,640,2,169,80,247,266
2787_jpg.rf.4397bbab89929b28cd283e1cac986401.jpg,640,640,2,252,72,301,196
2787_jpg.rf.4397bbab89929b28cd283e1cac986401.jpg,640,640,y,298,140,373,329
2787_jpg.rf.4397bbab89929b28cd283e1cac986401.jpg,640,640,-,378,119,443,175
2787_jpg.rf.4397bbab89929b28cd283e1cac986401.jpg,640,640,6,446,79,512,216
2787_jpg.rf.4397bbab89929b28cd283e1cac986401.jpg,640,640,-,57,301,615,361
2787_jpg.rf.4397bbab89929b28cd283e1cac986401.jpg,640,640,8,52,367,125,540
2787_jpg.rf.4397bbab89929b28cd283e1cac986401.jpg,640,640,-,126,388,203,439
2787_jpg.rf.4397bbab89929b28cd283e1cac986401.jpg,640,640,1,221,359,257,488
2787_jpg.rf.4397bbab89929b28cd283e1cac986401.jpg,640,640,z,252,436,324,573
2787_jpg.rf.4397bbab89929b28cd283e1cac986401.jpg,640,640,0,326,362,378,490
2787_jpg.rf.4397bbab89929b28cd283e1cac986401.jpg,640,640,x,381,438,442,567
2787_jpg.rf.4397bbab89929b28cd283e1cac986401.jpg,640,640,-,446,416,528,462
2787_jpg.rf.4397bbab89929b28cd283e1cac986401.jpg,640,640,7,529,382,588,506
1028_jpg.rf.1f4fba5de51780d5f8f37bce6bf9e3cb.jpg,640,640,8,84,102,126,234
1028_jpg.rf.1f4fba5de51780d5f8f37bce6bf9e3cb.jpg,640,640,sqrt,73,39,445,528
1028_jpg.rf.1f4fba5de51780d5f8f37bce6bf9e3cb.jpg,640,640,x,165,262,225,426
1028_jpg.rf.1f4fba5de51780d5f8f37bce6bf9e3cb.jpg,640,640,1,222,141,261,309
1028_jpg.rf.1f4fba5de51780d5f8f37bce6bf9e3cb.jpg,640,640,6,257,139,308,307
1028_jpg.rf.1f4fba5de51780d5f8f37bce6bf9e3cb.jpg,640,640,y,308,257,357,509
1028_jpg.rf.1f4fba5de51780d5f8f37bce6bf9e3cb.jpg,640,640,8,363,119,413,308
1064_jpg.rf.2a55e8258dde6e8c4c1c5eaa179958cd.jpg,640,640,y,24,181,81,418
1064_jpg.rf.2a55e8258dde6e8c4c1c5eaa179958cd.jpg,640,640,-,105,199,164,301
1064_jpg.rf.2a55e8258dde6e8c4c1c5eaa179958cd.jpg,640,640,x,181,176,228,365
1064_jpg.rf.2a55e8258dde6e8c4c1c5eaa179958cd.jpg,640,640,-,231,98,257,408
1064_jpg.rf.2a55e8258dde6e8c4c1c5eaa179958cd.jpg,640,640,2,261,124,314,362
1064_jpg.rf.2a55e8258dde6e8c4c1c5eaa179958cd.jpg,640,640,x,311,197,353,374
1064_jpg.rf.2a55e8258dde6e8c4c1c5eaa179958cd.jpg,640,640,-,379,160,430,373
1064_jpg.rf.2a55e8258dde6e8c4c1c5eaa179958cd.jpg,640,640,8,457,131,506,382
1064_jpg.rf.2a55e8258dde6e8c4c1c5eaa179958cd.jpg,640,640,-,512,126,536,422
1337_jpg.rf.2ffb086192c56e59fd1c5ce08e803f07.jpg,640,640,y,46,149,93,306
1337_jpg.rf.2ffb086192c56e59fd1c5ce08e803f07.jpg,640,640,y,214,434,256,614
1337_jpg.rf.2ffb086192c56e59fd1c5ce08e803f07.jpg,640,640,-,106,151,163,224
1337_jpg.rf.2ffb086192c56e59fd1c5ce08e803f07.jpg,640,640,-,268,448,327,515
1337_jpg.rf.2ffb086192c56e59fd1c5ce08e803f07.jpg,640,640,-,189,171,232,209
1337_jpg.rf.2ffb086192c56e59fd1c5ce08e803f07.jpg,640,640,2,233,113,275,262
1337_jpg.rf.2ffb086192c56e59fd1c5ce08e803f07.jpg,640,640,2,47,399,91,558
1337_jpg.rf.2ffb086192c56e59fd1c5ce08e803f07.jpg,640,640,x,270,154,307,258
1337_jpg.rf.2ffb086192c56e59fd1c5ce08e803f07.jpg,640,640,x,88,447,130,550
1337_jpg.rf.2ffb086192c56e59fd1c5ce08e803f07.jpg,640,640,-,148,408,198,546
1337_jpg.rf.2ffb086192c56e59fd1c5ce08e803f07.jpg,640,640,3,338,394,379,550
112_jpg.rf.10e5094d9eaf08a8bf93cf5342fdbdda.jpg,640,640,-,22,165,54,557
112_jpg.rf.10e5094d9eaf08a8bf93cf5342fdbdda.jpg,640,640,2,41,169,97,479
112_jpg.rf.10e5094d9eaf08a8bf93cf5342fdbdda.jpg,640,640,-,104,338,147,373
112_jpg.rf.10e5094d9eaf08a8bf93cf5342fdbdda.jpg,640,640,x,157,244,203,469
112_jpg.rf.10e5094d9eaf08a8bf93cf5342fdbdda.jpg,640,640,-,190,150,228,548
112_jpg.rf.10e5094d9eaf08a8bf93cf5342fdbdda.jpg,640,640,-,230,190,276,415
112_jpg.rf.10e5094d9eaf08a8bf93cf5342fdbdda.jpg,640,640,-,286,142,321,538
112_jpg.rf.10e5094d9eaf08a8bf93cf5342fdbdda.jpg,640,640,x,309,237,356,457
112_jpg.rf.10e5094d9eaf08a8bf93cf5342fdbdda.jpg,640,640,-,366,184,402,423
112_jpg.rf.10e5094d9eaf08a8bf93cf5342fdbdda.jpg,640,640,3,414,157,462,448
112_jpg.rf.10e5094d9eaf08a8bf93cf5342fdbdda.jpg,640,640,-,455,135,490,535
112_jpg.rf.10e5094d9eaf08a8bf93cf5342fdbdda.jpg,640,640,-,484,244,544,347
112_jpg.rf.10e5094d9eaf08a8bf93cf5342fdbdda.jpg,640,640,5,547,157,598,449
1409_jpg.rf.447dd765c722462cc349432c5d3feb21.jpg,640,640,2,10,167,67,508
1409_jpg.rf.447dd765c722462cc349432c5d3feb21.jpg,640,640,x,62,269,116,512
1409_jpg.rf.447dd765c722462cc349432c5d3feb21.jpg,640,640,-,149,199,215,505
1409_jpg.rf.447dd765c722462cc349432c5d3feb21.jpg,640,640,3,241,165,300,503
1409_jpg.rf.447dd765c722462cc349432c5d3feb21.jpg,640,640,y,301,265,354,624
1409_jpg.rf.447dd765c722462cc349432c5d3feb21.jpg,640,640,-,370,272,453,416
1409_jpg.rf.447dd765c722462cc349432c5d3feb21.jpg,640,640,1,482,159,519,495
1409_jpg.rf.447dd765c722462cc349432c5d3feb21.jpg,640,640,2,524,145,583,487
1474_jpg.rf.4234bb0965f67e2e50e1b66099c02438.jpg,640,640,3,35,18,102,213
1474_jpg.rf.4234bb0965f67e2e50e1b66099c02438.jpg,640,640,5,99,20,168,202
1474_jpg.rf.4234bb0965f67e2e50e1b66099c02438.jpg,640,640,x,165,64,244,193
1474_jpg.rf.4234bb0965f67e2e50e1b66099c02438.jpg,640,640,-,280,27,365,204
1474_jpg.rf.4234bb0965f67e2e50e1b66099c02438.jpg,640,640,2,390,0,467,172
1474_jpg.rf.4234bb0965f67e2e50e1b66099c02438.jpg,640,640,2,228,327,286,465
1474_jpg.rf.4234bb0965f67e2e50e1b66099c02438.jpg,640,640,0,462,1,527,181
1474_jpg.rf.4234bb0965f67e2e50e1b66099c02438.jpg,640,640,-,19,249,592,329
1474_jpg.rf.4234bb0965f67e2e50e1b66099c02438.jpg,640,640,4,34,378,96,569
1474_jpg.rf.4234bb0965f67e2e50e1b66099c02438.jpg,640,640,9,96,368,158,566
1474_jpg.rf.4234bb0965f67e2e50e1b66099c02438.jpg,640,640,x,159,419,239,549
1474_jpg.rf.4234bb0965f67e2e50e1b66099c02438.jpg,640,640,-,320,443,418,485
1474_jpg.rf.4234bb0965f67e2e50e1b66099c02438.jpg,640,640,1,449,341,514,532
1474_jpg.rf.4234bb0965f67e2e50e1b66099c02438.jpg,640,640,6,513,332,585,529
117_jpg.rf.2df741e776f23f506ab4ce5ce22caf77.jpg,640,640,1,81,59,120,221
117_jpg.rf.2df741e776f23f506ab4ce5ce22caf77.jpg,640,640,-,73,264,133,315
117_jpg.rf.2df741e776f23f506ab4ce5ce22caf77.jpg,640,640,x,82,388,132,512
117_jpg.rf.2df741e776f23f506ab4ce5ce22caf77.jpg,640,640,-,162,194,221,378
117_jpg.rf.2df741e776f23f506ab4ce5ce22caf77.jpg,640,640,1,280,52,326,220
117_jpg.rf.2df741e776f23f506ab4ce5ce22caf77.jpg,640,640,-,256,265,361,307
117_jpg.rf.2df741e776f23f506ab4ce5ce22caf77.jpg,640,640,2,261,335,308,502
117_jpg.rf.2df741e776f23f506ab4ce5ce22caf77.jpg,640,640,x,307,397,359,515
117_jpg.rf.2df741e776f23f506ab4ce5ce22caf77.jpg,640,640,-,390,236,469,328
117_jpg.rf.2df741e776f23f506ab4ce5ce22caf77.jpg,640,640,6,486,152,553,361
1629_jpg.rf.393d68916e40c1017ee0ac76254aeb8b.jpg,640,640,y,30,121,105,290
1629_jpg.rf.393d68916e40c1017ee0ac76254aeb8b.jpg,640,640,-,123,88,221,240
1629_jpg.rf.393d68916e40c1017ee0ac76254aeb8b.jpg,640,640,-,276,136,349,184
1629_jpg.rf.393d68916e40c1017ee0ac76254aeb8b.jpg,640,640,4,365,66,421,235
1629_jpg.rf.393d68916e40c1017ee0ac76254aeb8b.jpg,640,640,x,426,107,479,235
1629_jpg.rf.393d68916e40c1017ee0ac76254aeb8b.jpg,640,640,y,34,385,92,573
1629_jpg.rf.393d68916e40c1017ee0ac76254aeb8b.jpg,640,640,-,135,365,223,519
1629_jpg.rf.393d68916e40c1017ee0ac76254aeb8b.jpg,640,640,-,273,412,350,446
1629_jpg.rf.393d68916e40c1017ee0ac76254aeb8b.jpg,640,640,5,359,337,430,514
2818_jpg.rf.5300312b76ffa5e58350e427ad2b2245.jpg,640,640,x,15,205,77,402
2818_jpg.rf.5300312b76ffa5e58350e427ad2b2245.jpg,640,640,3,63,70,106,265
2818_jpg.rf.5300312b76ffa5e58350e427ad2b2245.jpg,640,640,-,113,174,187,400
2818_jpg.rf.5300312b76ffa5e58350e427ad2b2245.jpg,640,640,-,496,151,561,340
2818_jpg.rf.5300312b76ffa5e58350e427ad2b2245.jpg,640,640,1,192,135,227,373
2818_jpg.rf.5300312b76ffa5e58350e427ad2b2245.jpg,640,640,1,226,123,272,363
2818_jpg.rf.5300312b76ffa5e58350e427ad2b2245.jpg,640,640,1,346,122,388,351
2818_jpg.rf.5300312b76ffa5e58350e427ad2b2245.jpg,640,640,1,386,102,423,342
2818_jpg.rf.5300312b76ffa5e58350e427ad2b2245.jpg,640,640,-,282,202,342,313
2818_jpg.rf.5300312b76ffa5e58350e427ad2b2245.jpg,640,640,x,421,178,463,350
2818_jpg.rf.5300312b76ffa5e58350e427ad2b2245.jpg,640,640,x,558,181,622,334
2818_jpg.rf.5300312b76ffa5e58350e427ad2b2245.jpg,640,640,2,449,53,485,224
2854_jpg.rf.458b991f037c1ba9d25bceec5537a902.jpg,640,640,x,11,225,78,401
2854_jpg.rf.458b991f037c1ba9d25bceec5537a902.jpg,640,640,2,55,122,120,274
2854_jpg.rf.458b991f037c1ba9d25bceec5537a902.jpg,640,640,-,123,299,187,335
2854_jpg.rf.458b991f037c1ba9d25bceec5537a902.jpg,640,640,3,201,190,254,411
2854_jpg.rf.458b991f037c1ba9d25bceec5537a902.jpg,640,640,-,269,273,324,373
2854_jpg.rf.458b991f037c1ba9d25bceec5537a902.jpg,640,640,0,342,181,399,418
2108_jpg.rf.6c62b019df6606fd10f9d71b4bc83da8.jpg,640,640,9,44,196,96,447
2108_jpg.rf.6c62b019df6606fd10f9d71b4bc83da8.jpg,640,640,x,95,279,140,428
2108_jpg.rf.6c62b019df6606fd10f9d71b4bc83da8.jpg,640,640,2,123,164,180,335
2108_jpg.rf.6c62b019df6606fd10f9d71b4bc83da8.jpg,640,640,-,181,290,259,329
2108_jpg.rf.6c62b019df6606fd10f9d71b4bc83da8.jpg,640,640,3,263,185,310,435
2108_jpg.rf.6c62b019df6606fd10f9d71b4bc83da8.jpg,640,640,5,312,182,361,425
2108_jpg.rf.6c62b019df6606fd10f9d71b4bc83da8.jpg,640,640,-,382,242,432,359
2108_jpg.rf.6c62b019df6606fd10f9d71b4bc83da8.jpg,640,640,1,453,188,503,405
2108_jpg.rf.6c62b019df6606fd10f9d71b4bc83da8.jpg,640,640,4,500,181,548,405
2107_jpg.rf.6f03e1c3186a4fbeca7a6801df13fa5f.jpg,640,640,-,47,56,67,592
2107_jpg.rf.6f03e1c3186a4fbeca7a6801df13fa5f.jpg,640,640,-,209,127,230,501
2107_jpg.rf.6f03e1c3186a4fbeca7a6801df13fa5f.jpg,640,640,-,405,128,422,483
2107_jpg.rf.6f03e1c3186a4fbeca7a6801df13fa5f.jpg,640,640,-,423,55,446,589
2107_jpg.rf.6f03e1c3186a4fbeca7a6801df13fa5f.jpg,640,640,4,67,151,120,424
2107_jpg.rf.6f03e1c3186a4fbeca7a6801df13fa5f.jpg,640,640,-,135,194,192,421
2107_jpg.rf.6f03e1c3186a4fbeca7a6801df13fa5f.jpg,640,640,x,228,212,270,420
2107_jpg.rf.6f03e1c3186a4fbeca7a6801df13fa5f.jpg,640,640,-,295,272,346,325
2107_jpg.rf.6f03e1c3186a4fbeca7a6801df13fa5f.jpg,640,640,7,363,139,405,428
2107_jpg.rf.6f03e1c3186a4fbeca7a6801df13fa5f.jpg,640,640,-,464,244,517,363
2107_jpg.rf.6f03e1c3186a4fbeca7a6801df13fa5f.jpg,640,640,2,535,142,585,413
176_jpg.rf.891ee3e60498118ef2b44b791576b8e5.jpg,640,640,2,55,90,115,223
176_jpg.rf.891ee3e60498118ef2b44b791576b8e5.jpg,640,640,z,114,130,166,224
176_jpg.rf.891ee3e60498118ef2b44b791576b8e5.jpg,640,640,-,198,113,260,217
176_jpg.rf.891ee3e60498118ef2b44b791576b8e5.jpg,640,640,3,289,95,336,227
176_jpg.rf.891ee3e60498118ef2b44b791576b8e5.jpg,640,640,x,340,132,401,229
176_jpg.rf.891ee3e60498118ef2b44b791576b8e5.jpg,640,640,-,415,134,487,191
176_jpg.rf.891ee3e60498118ef2b44b791576b8e5.jpg,640,640,5,517,94,575,222
176_jpg.rf.891ee3e60498118ef2b44b791576b8e5.jpg,640,640,z,64,336,122,442
176_jpg.rf.891ee3e60498118ef2b44b791576b8e5.jpg,640,640,-,142,350,214,416
176_jpg.rf.891ee3e60498118ef2b44b791576b8e5.jpg,640,640,4,241,315,292,446
176_jpg.rf.891ee3e60498118ef2b44b791576b8e5.jpg,640,640,-,314,376,371,402
176_jpg.rf.891ee3e60498118ef2b44b791576b8e5.jpg,640,640,2,388,306,442,448
176_jpg.rf.891ee3e60498118ef2b44b791576b8e5.jpg,640,640,x,446,342,499,441
1008_jpg.rf.66b0b1713adfaed714992fc8d378873f.jpg,640,640,1,54,162,98,298
1008_jpg.rf.66b0b1713adfaed714992fc8d378873f.jpg,640,640,-,69,329,115,368
1008_jpg.rf.66b0b1713adfaed714992fc8d378873f.jpg,640,640,5,88,392,126,521
1008_jpg.rf.66b0b1713adfaed714992fc8d378873f.jpg,640,640,x,113,288,153,403
1008_jpg.rf.66b0b1713adfaed714992fc8d378873f.jpg,640,640,2,136,186,174,324
1008_jpg.rf.66b0b1713adfaed714992fc8d378873f.jpg,640,640,-,209,232,261,359
1008_jpg.rf.66b0b1713adfaed714992fc8d378873f.jpg,640,640,6,279,188,336,375
1008_jpg.rf.66b0b1713adfaed714992fc8d378873f.jpg,640,640,-,352,237,409,317
1008_jpg.rf.66b0b1713adfaed714992fc8d378873f.jpg,640,640,2,431,179,488,365
1008_jpg.rf.66b0b1713adfaed714992fc8d378873f.jpg,640,640,x,478,239,527,356
2858_jpg.rf.8bc210eb737e1021b6cb74188d284a26.jpg,640,640,5,38,39,81,194
2858_jpg.rf.8bc210eb737e1021b6cb74188d284a26.jpg,640,640,y,83,91,127,250
2858_jpg.rf.8bc210eb737e1021b6cb74188d284a26.jpg,640,640,-,175,78,238,190
2858_jpg.rf.8bc210eb737e1021b6cb74188d284a26.jpg,640,640,3,272,38,321,217
2858_jpg.rf.8bc210eb737e1021b6cb74188d284a26.jpg,640,640,x,315,95,389,193
2858_jpg.rf.8bc210eb737e1021b6cb74188d284a26.jpg,640,640,-,406,85,480,212
2858_jpg.rf.8bc210eb737e1021b6cb74188d284a26.jpg,640,640,1,515,56,557,212
2858_jpg.rf.8bc210eb737e1021b6cb74188d284a26.jpg,640,640,1,569,56,604,211
2858_jpg.rf.8bc210eb737e1021b6cb74188d284a26.jpg,640,640,-,369,293,433,455
2858_jpg.rf.8bc210eb737e1021b6cb74188d284a26.jpg,640,640,3,38,270,83,426
2858_jpg.rf.8bc210eb737e1021b6cb74188d284a26.jpg,640,640,y,80,318,146,477
2858_jpg.rf.8bc210eb737e1021b6cb74188d284a26.jpg,640,640,-,172,348,238,382
2858_jpg.rf.8bc210eb737e1021b6cb74188d284a26.jpg,640,640,x,258,314,338,419
2858_jpg.rf.8bc210eb737e1021b6cb74188d284a26.jpg,640,640,-,475,341,539,392
2858_jpg.rf.8bc210eb737e1021b6cb74188d284a26.jpg,640,640,8,538,291,593,442
2712_jpg.rf.81f8f49de5d45c173c7c2383f2bff960.jpg,640,640,3,27,213,80,431
2712_jpg.rf.81f8f49de5d45c173c7c2383f2bff960.jpg,640,640,.,78,378,107,437
2712_jpg.rf.81f8f49de5d45c173c7c2383f2bff960.jpg,640,640,9,99,202,157,434
2712_jpg.rf.81f8f49de5d45c173c7c2383f2bff960.jpg,640,640,-,178,211,261,417
2712_jpg.rf.81f8f49de5d45c173c7c2383f2bff960.jpg,640,640,6,292,208,374,428
1252_jpg.rf.51dddc25c025c93296f0d191ab53ed32.jpg,640,640,sqrt,8,177,275,540
1252_jpg.rf.51dddc25c025c93296f0d191ab53ed32.jpg,640,640,sqrt,359,285,495,606
1252_jpg.rf.51dddc25c025c93296f0d191ab53ed32.jpg,640,640,x,57,339,106,512
1252_jpg.rf.51dddc25c025c93296f0d191ab53ed32.jpg,640,640,x,424,393,476,564
1252_jpg.rf.51dddc25c025c93296f0d191ab53ed32.jpg,640,640,-,126,392,169,428
1252_jpg.rf.51dddc25c025c93296f0d191ab53ed32.jpg,640,640,6,198,293,244,534
1252_jpg.rf.51dddc25c025c93296f0d191ab53ed32.jpg,640,640,-,271,406,329,458
1252_jpg.rf.51dddc25c025c93296f0d191ab53ed32.jpg,640,640,-,505,409,558,515
1252_jpg.rf.51dddc25c025c93296f0d191ab53ed32.jpg,640,640,3,576,334,625,582
1278_jpg.rf.9059a3dc1b8efe5e5e125bf314c8fd3d.jpg,640,640,-,35,31,73,456
1278_jpg.rf.9059a3dc1b8efe5e5e125bf314c8fd3d.jpg,640,640,sqrt,64,59,357,432
1278_jpg.rf.9059a3dc1b8efe5e5e125bf314c8fd3d.jpg,640,640,9,123,146,175,388
1278_jpg.rf.9059a3dc1b8efe5e5e125bf314c8fd3d.jpg,640,640,9,517,134,564,384
1278_jpg.rf.9059a3dc1b8efe5e5e125bf314c8fd3d.jpg,640,640,-,210,255,245,279
1278_jpg.rf.9059a3dc1b8efe5e5e125bf314c8fd3d.jpg,640,640,-,439,237,489,275
1278_jpg.rf.9059a3dc1b8efe5e5e125bf314c8fd3d.jpg,640,640,x,276,225,317,394
1278_jpg.rf.9059a3dc1b8efe5e5e125bf314c8fd3d.jpg,640,640,-,348,18,383,452
1278_jpg.rf.9059a3dc1b8efe5e5e125bf314c8fd3d.jpg,640,640,2,311,123,346,280
1278_jpg.rf.9059a3dc1b8efe5e5e125bf314c8fd3d.jpg,640,640,2,381,5,418,167
158_jpg.rf.706f0ea2d8b0d162139eb4b672c90bcd.jpg,640,640,-,61,248,110,277
158_jpg.rf.706f0ea2d8b0d162139eb4b672c90bcd.jpg,640,640,0,106,185,153,308
158_jpg.rf.706f0ea2d8b0d162139eb4b672c90bcd.jpg,640,640,.,156,275,170,295
158_jpg.rf.706f0ea2d8b0d162139eb4b672c90bcd.jpg,640,640,1,171,184,205,298
158_jpg.rf.706f0ea2d8b0d162139eb4b672c90bcd.jpg,640,640,x,204,211,251,301
158_jpg.rf.706f0ea2d8b0d162139eb4b672c90bcd.jpg,640,640,-,268,193,320,297
158_jpg.rf.706f0ea2d8b0d162139eb4b672c90bcd.jpg,640,640,0,335,179,379,286
158_jpg.rf.706f0ea2d8b0d162139eb4b672c90bcd.jpg,640,640,.,382,256,393,285
158_jpg.rf.706f0ea2d8b0d162139eb4b672c90bcd.jpg,640,640,2,386,171,439,279
158_jpg.rf.706f0ea2d8b0d162139eb4b672c90bcd.jpg,640,640,y,431,207,474,308
158_jpg.rf.706f0ea2d8b0d162139eb4b672c90bcd.jpg,640,640,-,492,206,554,266
158_jpg.rf.706f0ea2d8b0d162139eb4b672c90bcd.jpg,640,640,1,567,173,603,286
158_jpg.rf.706f0ea2d8b0d162139eb4b672c90bcd.jpg,640,640,2,72,428,116,538
158_jpg.rf.706f0ea2d8b0d162139eb4b672c90bcd.jpg,640,640,y,117,456,150,565
158_jpg.rf.706f0ea2d8b0d162139eb4b672c90bcd.jpg,640,640,-,168,459,234,510
158_jpg.rf.706f0ea2d8b0d162139eb4b672c90bcd.jpg,640,640,x,242,448,292,529
158_jpg.rf.706f0ea2d8b0d162139eb4b672c90bcd.jpg,640,640,-,307,427,362,521
158_jpg.rf.706f0ea2d8b0d162139eb4b672c90bcd.jpg,640,640,1,376,414,419,516
1402_jpg.rf.7a5891b77b255ac9a4026b135df6e0bf.jpg,640,640,-,26,357,88,413
1402_jpg.rf.7a5891b77b255ac9a4026b135df6e0bf.jpg,640,640,8,86,213,154,471
1402_jpg.rf.7a5891b77b255ac9a4026b135df6e0bf.jpg,640,640,-,177,242,238,464
1402_jpg.rf.7a5891b77b255ac9a4026b135df6e0bf.jpg,640,640,3,258,196,337,449
1402_jpg.rf.7a5891b77b255ac9a4026b135df6e0bf.jpg,640,640,-,341,295,372,341
1402_jpg.rf.7a5891b77b255ac9a4026b135df6e0bf.jpg,640,640,-,396,173,457,475
1402_jpg.rf.7a5891b77b255ac9a4026b135df6e0bf.jpg,640,640,-,427,310,482,357
1402_jpg.rf.7a5891b77b255ac9a4026b135df6e0bf.jpg,640,640,4,491,172,558,430
1402_jpg.rf.7a5891b77b255ac9a4026b135df6e0bf.jpg,640,640,-,527,154,590,466
1099_jpg.rf.9201c7e2e5f714c2bb2cf11c881c06f5.jpg,640,640,4,26,174,58,265
1099_jpg.rf.9201c7e2e5f714c2bb2cf11c881c06f5.jpg,640,640,sqrt,10,81,149,484
1099_jpg.rf.9201c7e2e5f714c2bb2cf11c881c06f5.jpg,640,640,sqrt,258,105,383,526
1099_jpg.rf.9201c7e2e5f714c2bb2cf11c881c06f5.jpg,640,640,sqrt,492,124,607,516
1099_jpg.rf.9201c7e2e5f714c2bb2cf11c881c06f5.jpg,640,640,3,88,142,128,276
1099_jpg.rf.9201c7e2e5f714c2bb2cf11c881c06f5.jpg,640,640,-,80,291,129,324
1099_jpg.rf.9201c7e2e5f714c2bb2cf11c881c06f5.jpg,640,640,2,81,341,117,482
1099_jpg.rf.9201c7e2e5f714c2bb2cf11c881c06f5.jpg,640,640,-,151,241,211,364
1099_jpg.rf.9201c7e2e5f714c2bb2cf11c881c06f5.jpg,640,640,5,220,233,260,379
1099_jpg.rf.9201c7e2e5f714c2bb2cf11c881c06f5.jpg,640,640,4,272,181,304,249
1099_jpg.rf.9201c7e2e5f714c2bb2cf11c881c06f5.jpg,640,640,3,329,166,366,293
1099_jpg.rf.9201c7e2e5f714c2bb2cf11c881c06f5.jpg,640,640,-,315,306,370,342
1099_jpg.rf.9201c7e2e5f714c2bb2cf11c881c06f5.jpg,640,640,2,322,357,362,499
1099_jpg.rf.9201c7e2e5f714c2bb2cf11c881c06f5.jpg,640,640,-,389,307,444,336
1099_jpg.rf.9201c7e2e5f714c2bb2cf11c881c06f5.jpg,640,640,2,457,244,495,383
1099_jpg.rf.9201c7e2e5f714c2bb2cf11c881c06f5.jpg,640,640,4,502,183,533,273
1099_jpg.rf.9201c7e2e5f714c2bb2cf11c881c06f5.jpg,640,640,-,552,316,603,347
1099_jpg.rf.9201c7e2e5f714c2bb2cf11c881c06f5.jpg,640,640,2,550,170,593,298
1099_jpg.rf.9201c7e2e5f714c2bb2cf11c881c06f5.jpg,640,640,3,554,363,591,493
2768_jpg.rf.7ea9905b0de54634a00d19537a2414c0.jpg,640,640,7,0,225,52,387
2768_jpg.rf.7ea9905b0de54634a00d19537a2414c0.jpg,640,640,3,38,179,84,296
2768_jpg.rf.7ea9905b0de54634a00d19537a2414c0.jpg,640,640,3,168,333,233,471
2768_jpg.rf.7ea9905b0de54634a00d19537a2414c0.jpg,640,640,3,265,203,320,348
2768_jpg.rf.7ea9905b0de54634a00d19537a2414c0.jpg,640,640,2,152,139,210,274
2768_jpg.rf.7ea9905b0de54634a00d19537a2414c0.jpg,640,640,-,95,279,158,317
2768_jpg.rf.7ea9905b0de54634a00d19537a2414c0.jpg,640,640,-,166,280,213,310
2768_jpg.rf.7ea9905b0de54634a00d19537a2414c0.jpg,640,640,-,206,195,250,367
2768_jpg.rf.7ea9905b0de54634a00d19537a2414c0.jpg,640,640,1,233,213,271,350
2768_jpg.rf.7ea9905b0de54634a00d19537a2414c0.jpg,640,640,-,315,261,349,312
2768_jpg.rf.7ea9905b0de54634a00d19537a2414c0.jpg,640,640,6,347,186,397,326
2768_jpg.rf.7ea9905b0de54634a00d19537a2414c0.jpg,640,640,-,405,205,456,321
2768_jpg.rf.7ea9905b0de54634a00d19537a2414c0.jpg,640,640,-,458,179,506,318
2768_jpg.rf.7ea9905b0de54634a00d19537a2414c0.jpg,640,640,-,486,144,531,335
2768_jpg.rf.7ea9905b0de54634a00d19537a2414c0.jpg,640,640,4,521,168,570,318
2377_jpg.rf.5d9200bbf32a31ae9669f44010464f2d.jpg,640,640,3,109,75,157,222
2377_jpg.rf.5d9200bbf32a31ae9669f44010464f2d.jpg,640,640,3,286,405,332,574
2377_jpg.rf.5d9200bbf32a31ae9669f44010464f2d.jpg,640,640,3,512,75,575,225
2377_jpg.rf.5d9200bbf32a31ae9669f44010464f2d.jpg,640,640,-,236,106,309,225
2377_jpg.rf.5d9200bbf32a31ae9669f44010464f2d.jpg,640,640,-,433,134,491,201
2377_jpg.rf.5d9200bbf32a31ae9669f44010464f2d.jpg,640,640,-,426,445,498,535
2377_jpg.rf.5d9200bbf32a31ae9669f44010464f2d.jpg,640,640,2,518,399,578,564
2377_jpg.rf.5d9200bbf32a31ae9669f44010464f2d.jpg,640,640,2,73,391,132,559
2377_jpg.rf.5d9200bbf32a31ae9669f44010464f2d.jpg,640,640,x,160,115,210,228
2377_jpg.rf.5d9200bbf32a31ae9669f44010464f2d.jpg,640,640,x,124,445,176,557
2377_jpg.rf.5d9200bbf32a31ae9669f44010464f2d.jpg,640,640,y,328,115,392,265
2377_jpg.rf.5d9200bbf32a31ae9669f44010464f2d.jpg,640,640,y,329,433,385,589
2377_jpg.rf.5d9200bbf32a31ae9669f44010464f2d.jpg,640,640,-,209,482,271,519
1241_jpg.rf.6ac92e655273d5c9cc4976168bcfc6f3.jpg,640,640,2,24,159,76,297
1241_jpg.rf.6ac92e655273d5c9cc4976168bcfc6f3.jpg,640,640,-,86,218,107,258
1241_jpg.rf.6ac92e655273d5c9cc4976168bcfc6f3.jpg,640,640,8,113,147,162,288
1241_jpg.rf.6ac92e655273d5c9cc4976168bcfc6f3.jpg,640,640,2,152,115,193,217
1241_jpg.rf.6ac92e655273d5c9cc4976168bcfc6f3.jpg,640,640,-,207,212,259,238
1241_jpg.rf.6ac92e655273d5c9cc4976168bcfc6f3.jpg,640,640,2,265,141,313,282
1241_jpg.rf.6ac92e655273d5c9cc4976168bcfc6f3.jpg,640,640,2,296,109,338,211
1241_jpg.rf.6ac92e655273d5c9cc4976168bcfc6f3.jpg,640,640,2,179,368,227,513
1241_jpg.rf.6ac92e655273d5c9cc4976168bcfc6f3.jpg,640,640,-,350,207,375,253
1241_jpg.rf.6ac92e655273d5c9cc4976168bcfc6f3.jpg,640,640,-,237,438,263,475
1241_jpg.rf.6ac92e655273d5c9cc4976168bcfc6f3.jpg,640,640,-,24,306,451,358
1241_jpg.rf.6ac92e655273d5c9cc4976168bcfc6f3.jpg,640,640,8,385,148,427,283
1241_jpg.rf.6ac92e655273d5c9cc4976168bcfc6f3.jpg,640,640,8,274,367,315,512
2607_jpg.rf.83ee45e4ffbdd128726649a31abc0c3e.jpg,640,640,sqrt,8,72,257,553
2607_jpg.rf.83ee45e4ffbdd128726649a31abc0c3e.jpg,640,640,y,63,248,111,506
2607_jpg.rf.83ee45e4ffbdd128726649a31abc0c3e.jpg,640,640,-,124,208,177,393
2607_jpg.rf.83ee45e4ffbdd128726649a31abc0c3e.jpg,640,640,5,201,156,238,407
2607_jpg.rf.83ee45e4ffbdd128726649a31abc0c3e.jpg,640,640,-,254,247,316,347
2607_jpg.rf.83ee45e4ffbdd128726649a31abc0c3e.jpg,640,640,sqrt,331,69,595,527
2607_jpg.rf.83ee45e4ffbdd128726649a31abc0c3e.jpg,640,640,2,375,171,424,400
2607_jpg.rf.83ee45e4ffbdd128726649a31abc0c3e.jpg,640,640,y,419,228,456,480
2607_jpg.rf.83ee45e4ffbdd128726649a31abc0c3e.jpg,640,640,-,478,261,523,311
2607_jpg.rf.83ee45e4ffbdd128726649a31abc0c3e.jpg,640,640,3,536,162,584,400
2111_jpg.rf.9488cc5389abd6d25b26cc791d96b138.jpg,640,640,sqrt,24,199,197,448
2111_jpg.rf.9488cc5389abd6d25b26cc791d96b138.jpg,640,640,-,86,320,133,371
2111_jpg.rf.9488cc5389abd6d25b26cc791d96b138.jpg,640,640,2,134,259,178,438
2111_jpg.rf.9488cc5389abd6d25b26cc791d96b138.jpg,640,640,-,189,319,241,364
2111_jpg.rf.9488cc5389abd6d25b26cc791d96b138.jpg,640,640,3,253,256,293,460
156_jpg.rf.251fa3cc1aeaabc737738ffb13b5dcf1.jpg,640,640,-,67,379,115,577
156_jpg.rf.251fa3cc1aeaabc737738ffb13b5dcf1.jpg,640,640,-,203,353,261,555
156_jpg.rf.251fa3cc1aeaabc737738ffb13b5dcf1.jpg,640,640,x,116,410,201,523
156_jpg.rf.251fa3cc1aeaabc737738ffb13b5dcf1.jpg,640,640,-,36,293,238,344
156_jpg.rf.251fa3cc1aeaabc737738ffb13b5dcf1.jpg,640,640,1,84,118,175,268
156_jpg.rf.251fa3cc1aeaabc737738ffb13b5dcf1.jpg,640,640,-,309,247,426,316
156_jpg.rf.251fa3cc1aeaabc737738ffb13b5dcf1.jpg,640,640,1,465,66,557,210
156_jpg.rf.251fa3cc1aeaabc737738ffb13b5dcf1.jpg,640,640,-,471,238,583,283
156_jpg.rf.251fa3cc1aeaabc737738ffb13b5dcf1.jpg,640,640,3,504,315,593,464
1939_jpg.rf.7f9d0afdef5a82f9df27859f9bef0f94.jpg,640,640,4,35,128,93,394
1939_jpg.rf.7f9d0afdef5a82f9df27859f9bef0f94.jpg,640,640,x,91,214,149,404
1939_jpg.rf.7f9d0afdef5a82f9df27859f9bef0f94.jpg,640,640,-,173,261,253,305
1939_jpg.rf.7f9d0afdef5a82f9df27859f9bef0f94.jpg,640,640,6,267,135,326,411
1939_jpg.rf.7f9d0afdef5a82f9df27859f9bef0f94.jpg,640,640,y,323,224,375,502
1939_jpg.rf.7f9d0afdef5a82f9df27859f9bef0f94.jpg,640,640,-,407,234,469,349
1939_jpg.rf.7f9d0afdef5a82f9df27859f9bef0f94.jpg,640,640,2,499,140,557,412
1939_jpg.rf.7f9d0afdef5a82f9df27859f9bef0f94.jpg,640,640,4,555,146,607,416
2325_jpg.rf.619cbf0f3b07de4c6b91961767a02a82.jpg,640,640,-,23,112,65,446
2325_jpg.rf.619cbf0f3b07de4c6b91961767a02a82.jpg,640,640,-,323,82,350,394
2325_jpg.rf.619cbf0f3b07de4c6b91961767a02a82.jpg,640,640,-,289,76,320,413
2325_jpg.rf.619cbf0f3b07de4c6b91961767a02a82.jpg,640,640,-,607,31,635,395
2325_jpg.rf.619cbf0f3b07de4c6b91961767a02a82.jpg,640,640,x,52,179,101,356
2325_jpg.rf.619cbf0f3b07de4c6b91961767a02a82.jpg,640,640,x,349,168,397,329
2325_jpg.rf.619cbf0f3b07de4c6b91961767a02a82.jpg,640,640,-,118,214,188,259
2325_jpg.rf.619cbf0f3b07de4c6b91961767a02a82.jpg,640,640,-,420,198,486,230
2325_jpg.rf.619cbf0f3b07de4c6b91961767a02a82.jpg,640,640,1,212,98,247,343
2325_jpg.rf.619cbf0f3b07de4c6b91961767a02a82.jpg,640,640,1,509,91,556,320
2325_jpg.rf.619cbf0f3b07de4c6b91961767a02a82.jpg,640,640,5,249,101,292,341
2325_jpg.rf.619cbf0f3b07de4c6b91961767a02a82.jpg,640,640,5,560,70,600,332
2872_jpg.rf.7047a2d0e6421f367fc8e276e3c2eb4a.jpg,640,640,x,0,272,37,446
2872_jpg.rf.7047a2d0e6421f367fc8e276e3c2eb4a.jpg,640,640,2,31,127,77,319
2872_jpg.rf.7047a2d0e6421f367fc8e276e3c2eb4a.jpg,640,640,-,72,308,140,348
2872_jpg.rf.7047a2d0e6421f367fc8e276e3c2eb4a.jpg,640,640,2,146,205,189,447
2872_jpg.rf.7047a2d0e6421f367fc8e276e3c2eb4a.jpg,640,640,5,189,204,224,459
2872_jpg.rf.7047a2d0e6421f367fc8e276e3c2eb4a.jpg,640,640,-,233,279,311,388
2872_jpg.rf.7047a2d0e6421f367fc8e276e3c2eb4a.jpg,640,640,0,320,198,365,454
1720_jpg.rf.9b4b893d14cc853cb501957cf3ac842f.jpg,640,640,sin,20,165,197,385
1720_jpg.rf.9b4b893d14cc853cb501957cf3ac842f.jpg,640,640,7,224,171,286,391
1720_jpg.rf.9b4b893d14cc853cb501957cf3ac842f.jpg,640,640,3,288,176,348,389
1720_jpg.rf.9b4b893d14cc853cb501957cf3ac842f.jpg,640,640,degrees,352,182,394,256
2791_jpg.rf.61fa40595ff0e35a7e5236253ad73c20.jpg,640,640,y,32,271,108,561
2791_jpg.rf.61fa40595ff0e35a7e5236253ad73c20.jpg,640,640,-,112,271,200,394
2791_jpg.rf.61fa40595ff0e35a7e5236253ad73c20.jpg,640,640,2,199,182,296,430
2791_jpg.rf.61fa40595ff0e35a7e5236253ad73c20.jpg,640,640,x,279,231,359,422
2791_jpg.rf.61fa40595ff0e35a7e5236253ad73c20.jpg,640,640,-,378,186,443,384
2791_jpg.rf.61fa40595ff0e35a7e5236253ad73c20.jpg,640,640,1,458,125,535,396
2791_jpg.rf.61fa40595ff0e35a7e5236253ad73c20.jpg,640,640,1,515,130,595,386
2021_jpg.rf.a320a52c5eb82ac8dbde4259218b8d00.jpg,640,640,x,133,165,190,263
2021_jpg.rf.a320a52c5eb82ac8dbde4259218b8d00.jpg,640,640,x,339,390,383,492
2021_jpg.rf.a320a52c5eb82ac8dbde4259218b8d00.jpg,640,640,y,352,169,401,293
2021_jpg.rf.a320a52c5eb82ac8dbde4259218b8d00.jpg,640,640,y,126,399,168,534
2021_jpg.rf.a320a52c5eb82ac8dbde4259218b8d00.jpg,640,640,-,426,169,486,242
2021_jpg.rf.a320a52c5eb82ac8dbde4259218b8d00.jpg,640,640,-,410,391,486,460
2021_jpg.rf.a320a52c5eb82ac8dbde4259218b8d00.jpg,640,640,-,222,154,269,260
2021_jpg.rf.a320a52c5eb82ac8dbde4259218b8d00.jpg,640,640,-,204,382,257,463
2021_jpg.rf.a320a52c5eb82ac8dbde4259218b8d00.jpg,640,640,6,74,362,120,482
2021_jpg.rf.a320a52c5eb82ac8dbde4259218b8d00.jpg,640,640,6,532,139,586,260
2021_jpg.rf.a320a52c5eb82ac8dbde4259218b8d00.jpg,640,640,1,509,362,550,475
2021_jpg.rf.a320a52c5eb82ac8dbde4259218b8d00.jpg,640,640,2,552,365,605,483
2021_jpg.rf.a320a52c5eb82ac8dbde4259218b8d00.jpg,640,640,3,299,138,350,266
2021_jpg.rf.a320a52c5eb82ac8dbde4259218b8d00.jpg,640,640,2,287,374,332,485
1588_jpg.rf.6378d142ac64994b1b5ca93a4e235bb6.jpg,640,640,sqrt,64,180,548,579
1588_jpg.rf.6378d142ac64994b1b5ca93a4e235bb6.jpg,640,640,-,206,289,262,568
1588_jpg.rf.6378d142ac64994b1b5ca93a4e235bb6.jpg,640,640,-,414,311,461,575
1588_jpg.rf.6378d142ac64994b1b5ca93a4e235bb6.jpg,640,640,7,262,317,330,533
1588_jpg.rf.6378d142ac64994b1b5ca93a4e235bb6.jpg,640,640,x,340,376,407,536
1588_jpg.rf.6378d142ac64994b1b5ca93a4e235bb6.jpg,640,640,3,455,267,522,425
1122_jpg.rf.a47e37cca9bc4159501df0673c5109f2.jpg,640,640,z,29,231,76,342
1122_jpg.rf.a47e37cca9bc4159501df0673c5109f2.jpg,640,640,2,77,143,119,260
1122_jpg.rf.a47e37cca9bc4159501df0673c5109f2.jpg,640,640,-,136,251,199,288
1122_jpg.rf.a47e37cca9bc4159501df0673c5109f2.jpg,640,640,y,223,232,266,401
1122_jpg.rf.a47e37cca9bc4159501df0673c5109f2.jpg,640,640,3,272,136,305,258
1122_jpg.rf.a47e37cca9bc4159501df0673c5109f2.jpg,640,640,-,333,195,393,337
1122_jpg.rf.a47e37cca9bc4159501df0673c5109f2.jpg,640,640,5,416,175,459,338
1122_jpg.rf.a47e37cca9bc4159501df0673c5109f2.jpg,640,640,x,464,221,508,329
1122_jpg.rf.a47e37cca9bc4159501df0673c5109f2.jpg,640,640,2,509,128,549,246
1048_jpg.rf.7d76c3019d55ff49c77e7b070117052f.jpg,640,640,y,49,81,86,220
1048_jpg.rf.7d76c3019d55ff49c77e7b070117052f.jpg,640,640,-,93,68,141,132
1048_jpg.rf.7d76c3019d55ff49c77e7b070117052f.jpg,640,640,-,159,75,201,115
1048_jpg.rf.7d76c3019d55ff49c77e7b070117052f.jpg,640,640,x,202,57,231,168
1048_jpg.rf.7d76c3019d55ff49c77e7b070117052f.jpg,640,640,2,225,0,249,105
1048_jpg.rf.7d76c3019d55ff49c77e7b070117052f.jpg,640,640,-,271,87,305,128
1048_jpg.rf.7d76c3019d55ff49c77e7b070117052f.jpg,640,640,6,325,39,357,196
1048_jpg.rf.7d76c3019d55ff49c77e7b070117052f.jpg,640,640,x,358,91,386,205
1048_jpg.rf.7d76c3019d55ff49c77e7b070117052f.jpg,640,640,-,408,130,435,162
1048_jpg.rf.7d76c3019d55ff49c77e7b070117052f.jpg,640,640,1,465,87,484,230
1048_jpg.rf.7d76c3019d55ff49c77e7b070117052f.jpg,640,640,0,488,89,525,241
1048_jpg.rf.7d76c3019d55ff49c77e7b070117052f.jpg,640,640,y,46,414,69,554
1048_jpg.rf.7d76c3019d55ff49c77e7b070117052f.jpg,640,640,-,87,410,133,464
1048_jpg.rf.7d76c3019d55ff49c77e7b070117052f.jpg,640,640,3,153,351,176,518
1048_jpg.rf.7d76c3019d55ff49c77e7b070117052f.jpg,640,640,x,178,399,207,514
1048_jpg.rf.7d76c3019d55ff49c77e7b070117052f.jpg,640,640,2,200,327,230,448
1048_jpg.rf.7d76c3019d55ff49c77e7b070117052f.jpg,640,640,-,242,373,288,488
1048_jpg.rf.7d76c3019d55ff49c77e7b070117052f.jpg,640,640,1,309,394,329,531
1048_jpg.rf.7d76c3019d55ff49c77e7b070117052f.jpg,640,640,8,335,375,367,541
1048_jpg.rf.7d76c3019d55ff49c77e7b070117052f.jpg,640,640,x,363,438,391,548
1048_jpg.rf.7d76c3019d55ff49c77e7b070117052f.jpg,640,640,-,414,435,449,533
1048_jpg.rf.7d76c3019d55ff49c77e7b070117052f.jpg,640,640,2,471,418,511,578
1048_jpg.rf.7d76c3019d55ff49c77e7b070117052f.jpg,640,640,2,502,424,534,581
2254_jpg.rf.9d86cbbe6e56a21691069c5ba3925332.jpg,640,640,log,0,216,126,435
2254_jpg.rf.9d86cbbe6e56a21691069c5ba3925332.jpg,640,640,4,120,326,172,428
2254_jpg.rf.9d86cbbe6e56a21691069c5ba3925332.jpg,640,640,4,474,282,520,398
2254_jpg.rf.9d86cbbe6e56a21691069c5ba3925332.jpg,640,640,log,352,189,472,404
2254_jpg.rf.9d86cbbe6e56a21691069c5ba3925332.jpg,640,640,3,534,168,576,336
2254_jpg.rf.9d86cbbe6e56a21691069c5ba3925332.jpg,640,640,2,575,159,633,336
2254_jpg.rf.9d86cbbe6e56a21691069c5ba3925332.jpg,640,640,2,163,188,252,379
2254_jpg.rf.9d86cbbe6e56a21691069c5ba3925332.jpg,640,640,-,271,216,321,333
2859_jpg.rf.a3b700688b18e38fe31f0edeff9524c1.jpg,640,640,2,52,198,103,457
2859_jpg.rf.a3b700688b18e38fe31f0edeff9524c1.jpg,640,640,2,118,361,167,595
2859_jpg.rf.a3b700688b18e38fe31f0edeff9524c1.jpg,640,640,-,218,268,245,362
2859_jpg.rf.a3b700688b18e38fe31f0edeff9524c1.jpg,640,640,1,126,62,160,271
2859_jpg.rf.a3b700688b18e38fe31f0edeff9524c1.jpg,640,640,1,358,76,416,268
2859_jpg.rf.a3b700688b18e38fe31f0edeff9524c1.jpg,640,640,-,120,293,171,343
2859_jpg.rf.a3b700688b18e38fe31f0edeff9524c1.jpg,640,640,-,339,291,421,334
2859_jpg.rf.a3b700688b18e38fe31f0edeff9524c1.jpg,640,640,3,291,204,336,432
2859_jpg.rf.a3b700688b18e38fe31f0edeff9524c1.jpg,640,640,5,355,365,414,575
2664_jpg.rf.bad5a6ad04572f350817258d41ff8afb.jpg,640,640,-,25,324,81,356
2664_jpg.rf.bad5a6ad04572f350817258d41ff8afb.jpg,640,640,1,83,242,128,434
2664_jpg.rf.bad5a6ad04572f350817258d41ff8afb.jpg,640,640,-,155,297,214,399
2664_jpg.rf.bad5a6ad04572f350817258d41ff8afb.jpg,640,640,4,235,258,287,434
2664_jpg.rf.bad5a6ad04572f350817258d41ff8afb.jpg,640,640,-,313,266,362,424
2664_jpg.rf.bad5a6ad04572f350817258d41ff8afb.jpg,640,640,-,376,328,452,361
2664_jpg.rf.bad5a6ad04572f350817258d41ff8afb.jpg,640,640,x,395,188,440,315
2664_jpg.rf.bad5a6ad04572f350817258d41ff8afb.jpg,640,640,3,389,382,443,548
2192_jpg.rf.ca39094845437c58e7f2dbdf315fd4da.jpg,640,640,f,53,279,112,491
2192_jpg.rf.ca39094845437c58e7f2dbdf315fd4da.jpg,640,640,-,95,274,121,481
2192_jpg.rf.ca39094845437c58e7f2dbdf315fd4da.jpg,640,640,x,118,315,167,438
2192_jpg.rf.ca39094845437c58e7f2dbdf315fd4da.jpg,640,640,-,165,266,192,481
2192_jpg.rf.ca39094845437c58e7f2dbdf315fd4da.jpg,640,640,-,212,325,290,425
2192_jpg.rf.ca39094845437c58e7f2dbdf315fd4da.jpg,640,640,3,283,291,351,455
2192_jpg.rf.ca39094845437c58e7f2dbdf315fd4da.jpg,640,640,x,346,291,389,379
2192_jpg.rf.ca39094845437c58e7f2dbdf315fd4da.jpg,640,640,-,392,371,459,405
2192_jpg.rf.ca39094845437c58e7f2dbdf315fd4da.jpg,640,640,1,519,145,567,317
2192_jpg.rf.ca39094845437c58e7f2dbdf315fd4da.jpg,640,640,-,481,354,600,415
2192_jpg.rf.ca39094845437c58e7f2dbdf315fd4da.jpg,640,640,3,492,463,543,628
2192_jpg.rf.ca39094845437c58e7f2dbdf315fd4da.jpg,640,640,x,543,432,588,532
1264_jpg.rf.ae7b1d7f46936955c7af0cbb3fbf77e8.jpg,640,640,x,146,78,185,137
1264_jpg.rf.ae7b1d7f46936955c7af0cbb3fbf77e8.jpg,640,640,x,137,177,179,251
1264_jpg.rf.ae7b1d7f46936955c7af0cbb3fbf77e8.jpg,640,640,x,25,328,73,388
1264_jpg.rf.ae7b1d7f46936955c7af0cbb3fbf77e8.jpg,640,640,x,228,327,265,390
1264_jpg.rf.ae7b1d7f46936955c7af0cbb3fbf77e8.jpg,640,640,x,134,450,177,511
1264_jpg.rf.ae7b1d7f46936955c7af0cbb3fbf77e8.jpg,640,640,-,207,68,249,141
1264_jpg.rf.ae7b1d7f46936955c7af0cbb3fbf77e8.jpg,640,640,4,269,62,310,140
1264_jpg.rf.ae7b1d7f46936955c7af0cbb3fbf77e8.jpg,640,640,-,197,203,246,225
1264_jpg.rf.ae7b1d7f46936955c7af0cbb3fbf77e8.jpg,640,640,1,265,172,297,254
1264_jpg.rf.ae7b1d7f46936955c7af0cbb3fbf77e8.jpg,640,640,-,120,315,165,383
1264_jpg.rf.ae7b1d7f46936955c7af0cbb3fbf77e8.jpg,640,640,-,284,325,331,390
1264_jpg.rf.ae7b1d7f46936955c7af0cbb3fbf77e8.jpg,640,640,-,191,455,253,484
1264_jpg.rf.ae7b1d7f46936955c7af0cbb3fbf77e8.jpg,640,640,2,269,435,308,519
1264_jpg.rf.ae7b1d7f46936955c7af0cbb3fbf77e8.jpg,640,640,2,95,426,137,510
1264_jpg.rf.ae7b1d7f46936955c7af0cbb3fbf77e8.jpg,640,640,2,73,289,105,343
1264_jpg.rf.ae7b1d7f46936955c7af0cbb3fbf77e8.jpg,640,640,8,354,315,394,397
1264_jpg.rf.ae7b1d7f46936955c7af0cbb3fbf77e8.jpg,640,640,-,132,138,319,167
1264_jpg.rf.ae7b1d7f46936955c7af0cbb3fbf77e8.jpg,640,640,-,17,246,424,293
1264_jpg.rf.ae7b1d7f46936955c7af0cbb3fbf77e8.jpg,640,640,-,17,386,405,432
1264_jpg.rf.ae7b1d7f46936955c7af0cbb3fbf77e8.jpg,640,640,6,191,312,225,387
1021_jpg.rf.aa4eecaa5d5c8221c26486ebb08ea35e.jpg,640,640,5,34,139,82,391
1021_jpg.rf.aa4eecaa5d5c8221c26486ebb08ea35e.jpg,640,640,-,96,265,148,295
1021_jpg.rf.aa4eecaa5d5c8221c26486ebb08ea35e.jpg,640,640,-,163,114,194,433
1021_jpg.rf.aa4eecaa5d5c8221c26486ebb08ea35e.jpg,640,640,2,192,148,236,390
1021_jpg.rf.aa4eecaa5d5c8221c26486ebb08ea35e.jpg,640,640,x,229,216,276,384
1021_jpg.rf.aa4eecaa5d5c8221c26486ebb08ea35e.jpg,640,640,-,287,254,337,293
1021_jpg.rf.aa4eecaa5d5c8221c26486ebb08ea35e.jpg,640,640,2,351,145,394,380
1021_jpg.rf.aa4eecaa5d5c8221c26486ebb08ea35e.jpg,640,640,5,389,142,422,380
1021_jpg.rf.aa4eecaa5d5c8221c26486ebb08ea35e.jpg,640,640,-,429,113,455,415
1021_jpg.rf.aa4eecaa5d5c8221c26486ebb08ea35e.jpg,640,640,-,467,184,516,366
1021_jpg.rf.aa4eecaa5d5c8221c26486ebb08ea35e.jpg,640,640,1,533,153,566,377
1021_jpg.rf.aa4eecaa5d5c8221c26486ebb08ea35e.jpg,640,640,0,560,145,609,384
181_jpg.rf.d641c86737a21d9cbe629f8a479cbc71.jpg,640,640,-,15,296,82,328
181_jpg.rf.d641c86737a21d9cbe629f8a479cbc71.jpg,640,640,x,73,270,116,435
181_jpg.rf.d641c86737a21d9cbe629f8a479cbc71.jpg,640,640,2,126,162,158,335
181_jpg.rf.d641c86737a21d9cbe629f8a479cbc71.jpg,640,640,-,178,218,233,427
181_jpg.rf.d641c86737a21d9cbe629f8a479cbc71.jpg,640,640,9,250,200,308,444
181_jpg.rf.d641c86737a21d9cbe629f8a479cbc71.jpg,640,640,9,407,203,458,456
181_jpg.rf.d641c86737a21d9cbe629f8a479cbc71.jpg,640,640,-,327,282,390,374
1122_jpg.rf.b193c8099c433a332f372ba46530e54e.jpg,640,640,z,30,227,78,342
1122_jpg.rf.b193c8099c433a332f372ba46530e54e.jpg,640,640,2,80,139,117,256
1122_jpg.rf.b193c8099c433a332f372ba46530e54e.jpg,640,640,-,138,256,197,285
1122_jpg.rf.b193c8099c433a332f372ba46530e54e.jpg,640,640,y,223,226,266,409
1122_jpg.rf.b193c8099c433a332f372ba46530e54e.jpg,640,640,3,276,137,305,261
1122_jpg.rf.b193c8099c433a332f372ba46530e54e.jpg,640,640,-,330,197,395,330
1122_jpg.rf.b193c8099c433a332f372ba46530e54e.jpg,640,640,5,417,173,465,343
1122_jpg.rf.b193c8099c433a332f372ba46530e54e.jpg,640,640,x,464,223,509,335
1122_jpg.rf.b193c8099c433a332f372ba46530e54e.jpg,640,640,2,508,134,548,245
1274_jpg.rf.c11a9c94199aa3ca72dc9449a592aea2.jpg,640,640,g,15,242,71,446
1274_jpg.rf.c11a9c94199aa3ca72dc9449a592aea2.jpg,640,640,-,70,186,106,413
1274_jpg.rf.c11a9c94199aa3ca72dc9449a592aea2.jpg,640,640,-,159,185,197,399
1274_jpg.rf.c11a9c94199aa3ca72dc9449a592aea2.jpg,640,640,x,108,249,155,371
1274_jpg.rf.c11a9c94199aa3ca72dc9449a592aea2.jpg,640,640,-,215,260,260,340
1274_jpg.rf.c11a9c94199aa3ca72dc9449a592aea2.jpg,640,640,-,282,282,329,308
1274_jpg.rf.c11a9c94199aa3ca72dc9449a592aea2.jpg,640,640,6,337,117,388,256
1274_jpg.rf.c11a9c94199aa3ca72dc9449a592aea2.jpg,640,640,x,381,160,420,259
1274_jpg.rf.c11a9c94199aa3ca72dc9449a592aea2.jpg,640,640,-,439,147,481,244
1274_jpg.rf.c11a9c94199aa3ca72dc9449a592aea2.jpg,640,640,1,500,112,537,259
1274_jpg.rf.c11a9c94199aa3ca72dc9449a592aea2.jpg,640,640,-,344,279,536,307
1274_jpg.rf.c11a9c94199aa3ca72dc9449a592aea2.jpg,640,640,3,339,333,373,478
1274_jpg.rf.c11a9c94199aa3ca72dc9449a592aea2.jpg,640,640,x,380,369,417,467
1274_jpg.rf.c11a9c94199aa3ca72dc9449a592aea2.jpg,640,640,-,435,359,473,457
1274_jpg.rf.c11a9c94199aa3ca72dc9449a592aea2.jpg,640,640,1,498,337,519,470
1594_jpg.rf.9db40bf413e91d3d2d9ba2111fe5f26a.jpg,640,640,sin,7,260,176,466
1594_jpg.rf.9db40bf413e91d3d2d9ba2111fe5f26a.jpg,640,640,8,188,264,259,461
1594_jpg.rf.9db40bf413e91d3d2d9ba2111fe5f26a.jpg,640,640,9,259,268,314,475
1594_jpg.rf.9db40bf413e91d3d2d9ba2111fe5f26a.jpg,640,640,degrees,325,274,363,339
2303_jpg.rf.bcdfe492be4107ed73eac0e0359c0a41.jpg,640,640,2,12,74,66,175
2303_jpg.rf.bcdfe492be4107ed73eac0e0359c0a41.jpg,640,640,2,189,342,234,449
2303_jpg.rf.bcdfe492be4107ed73eac0e0359c0a41.jpg,640,640,2,264,385,299,481
2303_jpg.rf.bcdfe492be4107ed73eac0e0359c0a41.jpg,640,640,2,264,263,302,343
2303_jpg.rf.bcdfe492be4107ed73eac0e0359c0a41.jpg,640,640,2,257,113,297,204
2303_jpg.rf.bcdfe492be4107ed73eac0e0359c0a41.jpg,640,640,x,49,93,87,163
2303_jpg.rf.bcdfe492be4107ed73eac0e0359c0a41.jpg,640,640,x,54,229,84,308
2303_jpg.rf.bcdfe492be4107ed73eac0e0359c0a41.jpg,640,640,x,47,374,95,448
2303_jpg.rf.bcdfe492be4107ed73eac0e0359c0a41.jpg,640,640,x,232,371,263,443
2303_jpg.rf.bcdfe492be4107ed73eac0e0359c0a41.jpg,640,640,x,222,226,264,304
2303_jpg.rf.bcdfe492be4107ed73eac0e0359c0a41.jpg,640,640,x,224,88,255,162
2303_jpg.rf.bcdfe492be4107ed73eac0e0359c0a41.jpg,640,640,x,372,88,400,157
2303_jpg.rf.bcdfe492be4107ed73eac0e0359c0a41.jpg,640,640,x,404,215,440,304
2303_jpg.rf.bcdfe492be4107ed73eac0e0359c0a41.jpg,640,640,x,404,363,435,434
2303_jpg.rf.bcdfe492be4107ed73eac0e0359c0a41.jpg,640,640,2,496,64,545,160
2303_jpg.rf.bcdfe492be4107ed73eac0e0359c0a41.jpg,640,640,-,308,74,353,156
2303_jpg.rf.bcdfe492be4107ed73eac0e0359c0a41.jpg,640,640,-,311,218,355,298
2303_jpg.rf.bcdfe492be4107ed73eac0e0359c0a41.jpg,640,640,-,311,365,358,444
2303_jpg.rf.bcdfe492be4107ed73eac0e0359c0a41.jpg,640,640,-,123,222,185,301
2303_jpg.rf.bcdfe492be4107ed73eac0e0359c0a41.jpg,640,640,-,132,105,183,140
2303_jpg.rf.bcdfe492be4107ed73eac0e0359c0a41.jpg,640,640,-,134,386,180,430
2303_jpg.rf.bcdfe492be4107ed73eac0e0359c0a41.jpg,640,640,-,449,98,487,149
2303_jpg.rf.bcdfe492be4107ed73eac0e0359c0a41.jpg,640,640,-,470,235,527,284
2303_jpg.rf.bcdfe492be4107ed73eac0e0359c0a41.jpg,640,640,-,475,377,538,419
2303_jpg.rf.bcdfe492be4107ed73eac0e0359c0a41.jpg,640,640,1,86,131,113,196
2303_jpg.rf.bcdfe492be4107ed73eac0e0359c0a41.jpg,640,640,1,86,262,115,336
2303_jpg.rf.bcdfe492be4107ed73eac0e0359c0a41.jpg,640,640,1,86,408,122,475
2303_jpg.rf.bcdfe492be4107ed73eac0e0359c0a41.jpg,640,640,1,544,208,580,301
2303_jpg.rf.bcdfe492be4107ed73eac0e0359c0a41.jpg,640,640,3,543,339,582,442
2303_jpg.rf.bcdfe492be4107ed73eac0e0359c0a41.jpg,640,640,3,584,338,617,450
2303_jpg.rf.bcdfe492be4107ed73eac0e0359c0a41.jpg,640,640,3,435,399,479,483
2303_jpg.rf.bcdfe492be4107ed73eac0e0359c0a41.jpg,640,640,3,435,253,474,342
2303_jpg.rf.bcdfe492be4107ed73eac0e0359c0a41.jpg,640,640,3,403,110,441,201
2303_jpg.rf.bcdfe492be4107ed73eac0e0359c0a41.jpg,640,640,3,372,330,406,452
2303_jpg.rf.bcdfe492be4107ed73eac0e0359c0a41.jpg,640,640,3,21,216,53,306
2303_jpg.rf.bcdfe492be4107ed73eac0e0359c0a41.jpg,640,640,7,15,346,53,448
2303_jpg.rf.bcdfe492be4107ed73eac0e0359c0a41.jpg,640,640,7,573,208,609,302
2303_jpg.rf.bcdfe492be4107ed73eac0e0359c0a41.jpg,640,640,5,189,68,220,158
2303_jpg.rf.bcdfe492be4107ed73eac0e0359c0a41.jpg,640,640,4,199,209,229,292
2303_jpg.rf.bcdfe492be4107ed73eac0e0359c0a41.jpg,640,640,8,541,71,573,159
2303_jpg.rf.bcdfe492be4107ed73eac0e0359c0a41.jpg,640,640,5,365,203,401,302
1321_jpg.rf.c11a004baf1ef1c63ecb39786c60ea70.jpg,640,640,g,19,317,71,528
1321_jpg.rf.c11a004baf1ef1c63ecb39786c60ea70.jpg,640,640,-,67,253,103,493
1321_jpg.rf.c11a004baf1ef1c63ecb39786c60ea70.jpg,640,640,-,125,255,169,497
1321_jpg.rf.c11a004baf1ef1c63ecb39786c60ea70.jpg,640,640,x,97,313,133,448
1321_jpg.rf.c11a004baf1ef1c63ecb39786c60ea70.jpg,640,640,-,181,308,255,381
1321_jpg.rf.c11a004baf1ef1c63ecb39786c60ea70.jpg,640,640,sqrt,275,139,587,429
1321_jpg.rf.c11a004baf1ef1c63ecb39786c60ea70.jpg,640,640,x,336,298,384,428
1321_jpg.rf.c11a004baf1ef1c63ecb39786c60ea70.jpg,640,640,x,521,284,569,419
1321_jpg.rf.c11a004baf1ef1c63ecb39786c60ea70.jpg,640,640,-,435,244,490,418
1321_jpg.rf.c11a004baf1ef1c63ecb39786c60ea70.jpg,640,640,2,361,210,408,341
1417_jpg.rf.9c77f748a07e637f25d326a1428e551f.jpg,640,640,f,12,189,64,437
1417_jpg.rf.9c77f748a07e637f25d326a1428e551f.jpg,640,640,-,65,192,95,444
1417_jpg.rf.9c77f748a07e637f25d326a1428e551f.jpg,640,640,-,146,191,173,424
1417_jpg.rf.9c77f748a07e637f25d326a1428e551f.jpg,640,640,x,91,246,144,394
1417_jpg.rf.9c77f748a07e637f25d326a1428e551f.jpg,640,640,x,309,98,367,237
1417_jpg.rf.9c77f748a07e637f25d326a1428e551f.jpg,640,640,x,361,482,424,621
1417_jpg.rf.9c77f748a07e637f25d326a1428e551f.jpg,640,640,-,191,269,281,363
1417_jpg.rf.9c77f748a07e637f25d326a1428e551f.jpg,640,640,-,314,306,541,343
1417_jpg.rf.9c77f748a07e637f25d326a1428e551f.jpg,640,640,1,502,51,544,230
1417_jpg.rf.9c77f748a07e637f25d326a1428e551f.jpg,640,640,-,416,142,464,174
1417_jpg.rf.9c77f748a07e637f25d326a1428e551f.jpg,640,640,2,424,380,461,488
1595_jpg.rf.d26d3859e378ff58a941ed12884b9959.jpg,640,640,log,17,215,104,523
1595_jpg.rf.d26d3859e378ff58a941ed12884b9959.jpg,640,640,log,255,223,340,499
1595_jpg.rf.d26d3859e378ff58a941ed12884b9959.jpg,640,640,-,154,258,201,409
1595_jpg.rf.d26d3859e378ff58a941ed12884b9959.jpg,640,640,5,210,229,246,437
1595_jpg.rf.d26d3859e378ff58a941ed12884b9959.jpg,640,640,x,357,268,395,439
1595_jpg.rf.d26d3859e378ff58a941ed12884b9959.jpg,640,640,-,406,307,442,339
1595_jpg.rf.d26d3859e378ff58a941ed12884b9959.jpg,640,640,1,465,224,488,414
1595_jpg.rf.d26d3859e378ff58a941ed12884b9959.jpg,640,640,-,335,199,360,481
1595_jpg.rf.d26d3859e378ff58a941ed12884b9959.jpg,640,640,_,489,197,513,485
1595_jpg.rf.d26d3859e378ff58a941ed12884b9959.jpg,640,640,-,524,232,571,396
1595_jpg.rf.d26d3859e378ff58a941ed12884b9959.jpg,640,640,3,575,205,622,409
1595_jpg.rf.d26d3859e378ff58a941ed12884b9959.jpg,640,640,x,108,286,146,441
198_jpg.rf.c137167d863fd79a83ba6bcb983ae765.jpg,640,640,f,26,216,83,535
198_jpg.rf.c137167d863fd79a83ba6bcb983ae765.jpg,640,640,-,73,208,106,508
198_jpg.rf.c137167d863fd79a83ba6bcb983ae765.jpg,640,640,-,135,206,179,504
198_jpg.rf.c137167d863fd79a83ba6bcb983ae765.jpg,640,640,-,338,188,375,486
198_jpg.rf.c137167d863fd79a83ba6bcb983ae765.jpg,640,640,-,512,179,560,508
198_jpg.rf.c137167d863fd79a83ba6bcb983ae765.jpg,640,640,3,276,82,324,267
198_jpg.rf.c137167d863fd79a83ba6bcb983ae765.jpg,640,640,-,289,308,330,349
198_jpg.rf.c137167d863fd79a83ba6bcb983ae765.jpg,640,640,2,292,376,340,567
198_jpg.rf.c137167d863fd79a83ba6bcb983ae765.jpg,640,640,0,363,179,410,422
198_jpg.rf.c137167d863fd79a83ba6bcb983ae765.jpg,640,640,.,418,371,439,422
198_jpg.rf.c137167d863fd79a83ba6bcb983ae765.jpg,640,640,2,436,169,483,422
198_jpg.rf.c137167d863fd79a83ba6bcb983ae765.jpg,640,640,5,475,188,528,425
198_jpg.rf.c137167d863fd79a83ba6bcb983ae765.jpg,640,640,x,545,203,586,327
198_jpg.rf.c137167d863fd79a83ba6bcb983ae765.jpg,640,640,x,89,272,141,453
198_jpg.rf.c137167d863fd79a83ba6bcb983ae765.jpg,640,640,-,185,252,260,376
284_jpg.rf.d22f37aab880c040907397e4fc819f43.jpg,640,640,x,0,252,42,440
284_jpg.rf.d22f37aab880c040907397e4fc819f43.jpg,640,640,1,52,177,90,338
284_jpg.rf.d22f37aab880c040907397e4fc819f43.jpg,640,640,-,96,172,128,350
284_jpg.rf.d22f37aab880c040907397e4fc819f43.jpg,640,640,5,138,159,178,338
284_jpg.rf.d22f37aab880c040907397e4fc819f43.jpg,640,640,-,206,305,257,362
284_jpg.rf.d22f37aab880c040907397e4fc819f43.jpg,640,640,x,258,271,346,442
284_jpg.rf.d22f37aab880c040907397e4fc819f43.jpg,640,640,2,339,182,384,342
284_jpg.rf.d22f37aab880c040907397e4fc819f43.jpg,640,640,-,386,171,425,365
284_jpg.rf.d22f37aab880c040907397e4fc819f43.jpg,640,640,5,429,176,468,333
1493_jpg.rf.b3dfa5cb40927c97f7a433a11ffaca6f.jpg,640,640,sin,25,142,130,280
1493_jpg.rf.b3dfa5cb40927c97f7a433a11ffaca6f.jpg,640,640,sin,437,353,538,489
1493_jpg.rf.b3dfa5cb40927c97f7a433a11ffaca6f.jpg,640,640,alpha,140,183,209,288
1493_jpg.rf.b3dfa5cb40927c97f7a433a11ffaca6f.jpg,640,640,alpha,490,196,545,298
1493_jpg.rf.b3dfa5cb40927c97f7a433a11ffaca6f.jpg,640,640,alpha,540,386,604,495
1493_jpg.rf.b3dfa5cb40927c97f7a433a11ffaca6f.jpg,640,640,alpha,149,390,211,494
1493_jpg.rf.b3dfa5cb40927c97f7a433a11ffaca6f.jpg,640,640,cos,362,196,484,292
1493_jpg.rf.b3dfa5cb40927c97f7a433a11ffaca6f.jpg,640,640,cos,22,384,151,491
1493_jpg.rf.b3dfa5cb40927c97f7a433a11ffaca6f.jpg,640,640,1,308,363,343,489
1493_jpg.rf.b3dfa5cb40927c97f7a433a11ffaca6f.jpg,640,640,-,356,379,411,487
1493_jpg.rf.b3dfa5cb40927c97f7a433a11ffaca6f.jpg,640,640,-,229,254,287,364
1493_jpg.rf.b3dfa5cb40927c97f7a433a11ffaca6f.jpg,640,640,-,12,299,229,337
1493_jpg.rf.b3dfa5cb40927c97f7a433a11ffaca6f.jpg,640,640,-,297,303,614,351
2896_jpg.rf.d117d691bae47416e93c2dde5e8b9b54.jpg,640,640,3,9,347,82,631
2896_jpg.rf.d117d691bae47416e93c2dde5e8b9b54.jpg,640,640,-,64,346,97,629
2896_jpg.rf.d117d691bae47416e93c2dde5e8b9b54.jpg,640,640,x,95,429,152,632
2896_jpg.rf.d117d691bae47416e93c2dde5e8b9b54.jpg,640,640,-,172,393,218,614
2896_jpg.rf.d117d691bae47416e93c2dde5e8b9b54.jpg,640,640,2,235,339,290,619
2896_jpg.rf.d117d691bae47416e93c2dde5e8b9b54.jpg,640,640,-,289,343,333,640
2896_jpg.rf.d117d691bae47416e93c2dde5e8b9b54.jpg,640,640,-,340,413,424,553
2896_jpg.rf.d117d691bae47416e93c2dde5e8b9b54.jpg,640,640,4,426,339,478,610
2896_jpg.rf.d117d691bae47416e93c2dde5e8b9b54.jpg,640,640,2,472,334,536,603
2677_jpg.rf.c422d66ca64b6114fc68b27e079c934a.jpg,640,640,f,22,205,81,463
2677_jpg.rf.c422d66ca64b6114fc68b27e079c934a.jpg,640,640,-,77,202,109,440
2677_jpg.rf.c422d66ca64b6114fc68b27e079c934a.jpg,640,640,x,101,264,158,396
2677_jpg.rf.c422d66ca64b6114fc68b27e079c934a.jpg,640,640,-,135,209,169,430
2677_jpg.rf.c422d66ca64b6114fc68b27e079c934a.jpg,640,640,-,186,246,265,346
2677_jpg.rf.c422d66ca64b6114fc68b27e079c934a.jpg,640,640,sqrt,263,106,606,388
2677_jpg.rf.c422d66ca64b6114fc68b27e079c934a.jpg,640,640,3,276,86,328,201
2677_jpg.rf.c422d66ca64b6114fc68b27e079c934a.jpg,640,640,3,343,198,388,391
2677_jpg.rf.c422d66ca64b6114fc68b27e079c934a.jpg,640,640,x,393,245,443,386
2677_jpg.rf.c422d66ca64b6114fc68b27e079c934a.jpg,640,640,x,562,259,609,393
2677_jpg.rf.c422d66ca64b6114fc68b27e079c934a.jpg,640,640,2,418,170,463,309
2677_jpg.rf.c422d66ca64b6114fc68b27e079c934a.jpg,640,640,-,481,258,533,311
1600_jpg.rf.d71b5e6e63d9429bc32326b871060f94.jpg,640,640,3,66,157,116,290
1600_jpg.rf.d71b5e6e63d9429bc32326b871060f94.jpg,640,640,x,113,193,161,278
1600_jpg.rf.d71b5e6e63d9429bc32326b871060f94.jpg,640,640,-,188,207,248,239
1600_jpg.rf.d71b5e6e63d9429bc32326b871060f94.jpg,640,640,2,266,155,308,268
1600_jpg.rf.d71b5e6e63d9429bc32326b871060f94.jpg,640,640,y,318,186,372,304
1600_jpg.rf.d71b5e6e63d9429bc32326b871060f94.jpg,640,640,y,395,191,460,245
1600_jpg.rf.d71b5e6e63d9429bc32326b871060f94.jpg,640,640,1,473,147,519,261
1600_jpg.rf.d71b5e6e63d9429bc32326b871060f94.jpg,640,640,5,74,402,126,520
1600_jpg.rf.d71b5e6e63d9429bc32326b871060f94.jpg,640,640,x,132,426,175,521
1600_jpg.rf.d71b5e6e63d9429bc32326b871060f94.jpg,640,640,-,210,424,265,506
1600_jpg.rf.d71b5e6e63d9429bc32326b871060f94.jpg,640,640,6,280,386,331,505
1600_jpg.rf.d71b5e6e63d9429bc32326b871060f94.jpg,640,640,y,348,419,395,551
1600_jpg.rf.d71b5e6e63d9429bc32326b871060f94.jpg,640,640,-,423,427,485,481
1600_jpg.rf.d71b5e6e63d9429bc32326b871060f94.jpg,640,640,1,497,385,544,497
1600_jpg.rf.d71b5e6e63d9429bc32326b871060f94.jpg,640,640,1,554,382,599,494
1010_jpg.rf.c5b6a0af5cb529c787ff1bbf29a9a4bd.jpg,640,640,log,3,171,71,384
1010_jpg.rf.c5b6a0af5cb529c787ff1bbf29a9a4bd.jpg,640,640,-,75,147,100,371
1010_jpg.rf.c5b6a0af5cb529c787ff1bbf29a9a4bd.jpg,640,640,7,97,178,125,334
1010_jpg.rf.c5b6a0af5cb529c787ff1bbf29a9a4bd.jpg,640,640,x,117,209,146,327
1010_jpg.rf.c5b6a0af5cb529c787ff1bbf29a9a4bd.jpg,640,640,-,159,190,193,295
1010_jpg.rf.c5b6a0af5cb529c787ff1bbf29a9a4bd.jpg,640,640,1,208,170,224,313
1010_jpg.rf.c5b6a0af5cb529c787ff1bbf29a9a4bd.jpg,640,640,-,229,138,249,357
1010_jpg.rf.c5b6a0af5cb529c787ff1bbf29a9a4bd.jpg,640,640,-,258,198,297,272
1010_jpg.rf.c5b6a0af5cb529c787ff1bbf29a9a4bd.jpg,640,640,log,304,141,366,364
1010_jpg.rf.c5b6a0af5cb529c787ff1bbf29a9a4bd.jpg,640,640,-,374,134,391,351
1010_jpg.rf.c5b6a0af5cb529c787ff1bbf29a9a4bd.jpg,640,640,x,393,187,421,307
1010_jpg.rf.c5b6a0af5cb529c787ff1bbf29a9a4bd.jpg,640,640,-,432,201,458,231
1010_jpg.rf.c5b6a0af5cb529c787ff1bbf29a9a4bd.jpg,640,640,2,473,138,499,296
1010_jpg.rf.c5b6a0af5cb529c787ff1bbf29a9a4bd.jpg,640,640,-,500,117,517,325
1010_jpg.rf.c5b6a0af5cb529c787ff1bbf29a9a4bd.jpg,640,640,-,531,150,563,256
1010_jpg.rf.c5b6a0af5cb529c787ff1bbf29a9a4bd.jpg,640,640,1,576,129,594,287
1416_jpg.rf.f3affacfed31e6dc56c38af429341ffb.jpg,640,640,7,6,279,44,436
1416_jpg.rf.f3affacfed31e6dc56c38af429341ffb.jpg,640,640,-,45,255,73,480
1416_jpg.rf.f3affacfed31e6dc56c38af429341ffb.jpg,640,640,-,380,234,412,444
1416_jpg.rf.f3affacfed31e6dc56c38af429341ffb.jpg,640,640,-,350,235,379,453
1416_jpg.rf.f3affacfed31e6dc56c38af429341ffb.jpg,640,640,-,546,219,583,455
1416_jpg.rf.f3affacfed31e6dc56c38af429341ffb.jpg,640,640,x,66,330,115,430
1416_jpg.rf.f3affacfed31e6dc56c38af429341ffb.jpg,640,640,x,208,312,256,417
1416_jpg.rf.f3affacfed31e6dc56c38af429341ffb.jpg,640,640,x,400,290,451,403
1416_jpg.rf.f3affacfed31e6dc56c38af429341ffb.jpg,640,640,3,95,223,138,326
1416_jpg.rf.f3affacfed31e6dc56c38af429341ffb.jpg,640,640,-,151,302,197,438
1416_jpg.rf.f3affacfed31e6dc56c38af429341ffb.jpg,640,640,-,261,275,313,430
1416_jpg.rf.f3affacfed31e6dc56c38af429341ffb.jpg,640,640,-,455,312,507,354
1416_jpg.rf.f3affacfed31e6dc56c38af429341ffb.jpg,640,640,2,315,256,358,408
1416_jpg.rf.f3affacfed31e6dc56c38af429341ffb.jpg,640,640,2,571,176,603,295
1416_jpg.rf.f3affacfed31e6dc56c38af429341ffb.jpg,640,640,5,515,229,550,393
2333_jpg.rf.f54742eb642e4723bf44663ab6f9a884.jpg,640,640,f,0,139,49,412
2333_jpg.rf.f54742eb642e4723bf44663ab6f9a884.jpg,640,640,-,35,131,80,454
2333_jpg.rf.f54742eb642e4723bf44663ab6f9a884.jpg,640,640,x,56,208,112,407
2333_jpg.rf.f54742eb642e4723bf44663ab6f9a884.jpg,640,640,-,81,122,133,465
2333_jpg.rf.f54742eb642e4723bf44663ab6f9a884.jpg,640,640,-,115,212,178,301
2333_jpg.rf.f54742eb642e4723bf44663ab6f9a884.jpg,640,640,-,178,259,220,297
2333_jpg.rf.f54742eb642e4723bf44663ab6f9a884.jpg,640,640,0,206,129,257,374
2333_jpg.rf.f54742eb642e4723bf44663ab6f9a884.jpg,640,640,.,252,322,282,397
2333_jpg.rf.f54742eb642e4723bf44663ab6f9a884.jpg,640,640,3,249,118,307,368
2333_jpg.rf.f54742eb642e4723bf44663ab6f9a884.jpg,640,640,-,281,113,323,413
2333_jpg.rf.f54742eb642e4723bf44663ab6f9a884.jpg,640,640,x,301,179,354,357
2333_jpg.rf.f54742eb642e4723bf44663ab6f9a884.jpg,640,640,2,312,28,354,185
2333_jpg.rf.f54742eb642e4723bf44663ab6f9a884.jpg,640,640,-,336,102,395,426
2333_jpg.rf.f54742eb642e4723bf44663ab6f9a884.jpg,640,640,5,352,15,391,164
2333_jpg.rf.f54742eb642e4723bf44663ab6f9a884.jpg,640,640,-,395,219,421,275
2333_jpg.rf.f54742eb642e4723bf44663ab6f9a884.jpg,640,640,-,409,96,462,403
2333_jpg.rf.f54742eb642e4723bf44663ab6f9a884.jpg,640,640,x,438,158,483,335
2333_jpg.rf.f54742eb642e4723bf44663ab6f9a884.jpg,640,640,4,438,25,501,145
2333_jpg.rf.f54742eb642e4723bf44663ab6f9a884.jpg,640,640,-,492,203,517,251
2333_jpg.rf.f54742eb642e4723bf44663ab6f9a884.jpg,640,640,x,503,145,562,335
2333_jpg.rf.f54742eb642e4723bf44663ab6f9a884.jpg,640,640,7,522,2,555,136
2333_jpg.rf.f54742eb642e4723bf44663ab6f9a884.jpg,640,640,-,548,65,600,395
2351_jpg.rf.d25d247782f71c2c07afcaeafc07f2a0.jpg,640,640,2,1,296,66,583
2351_jpg.rf.d25d247782f71c2c07afcaeafc07f2a0.jpg,640,640,2,163,197,208,378
2351_jpg.rf.d25d247782f71c2c07afcaeafc07f2a0.jpg,640,640,2,456,171,495,353
2351_jpg.rf.d25d247782f71c2c07afcaeafc07f2a0.jpg,640,640,-,59,438,117,479
2351_jpg.rf.d25d247782f71c2c07afcaeafc07f2a0.jpg,640,640,4,108,319,153,569
2351_jpg.rf.d25d247782f71c2c07afcaeafc07f2a0.jpg,640,640,x,140,366,188,562
2351_jpg.rf.d25d247782f71c2c07afcaeafc07f2a0.jpg,640,640,x,295,373,338,547
2351_jpg.rf.d25d247782f71c2c07afcaeafc07f2a0.jpg,640,640,x,437,364,477,543
2351_jpg.rf.d25d247782f71c2c07afcaeafc07f2a0.jpg,640,640,4,312,220,350,366
2351_jpg.rf.d25d247782f71c2c07afcaeafc07f2a0.jpg,640,640,8,536,271,589,516
2351_jpg.rf.d25d247782f71c2c07afcaeafc07f2a0.jpg,640,640,8,253,296,302,555
2351_jpg.rf.d25d247782f71c2c07afcaeafc07f2a0.jpg,640,640,-,203,346,254,523
2351_jpg.rf.d25d247782f71c2c07afcaeafc07f2a0.jpg,640,640,-,354,316,394,510
2351_jpg.rf.d25d247782f71c2c07afcaeafc07f2a0.jpg,640,640,-,495,306,531,489
2351_jpg.rf.d25d247782f71c2c07afcaeafc07f2a0.jpg,640,640,3,400,284,438,534
1729_jpg.rf.cd0ec25026f77edda3dd4c806b9e1a00.jpg,640,640,x,8,214,58,416
1729_jpg.rf.cd0ec25026f77edda3dd4c806b9e1a00.jpg,640,640,x,224,199,270,383
1729_jpg.rf.cd0ec25026f77edda3dd4c806b9e1a00.jpg,640,640,2,39,96,93,254
1729_jpg.rf.cd0ec25026f77edda3dd4c806b9e1a00.jpg,640,640,-,109,163,166,420
1729_jpg.rf.cd0ec25026f77edda3dd4c806b9e1a00.jpg,640,640,-,288,152,343,394
1729_jpg.rf.cd0ec25026f77edda3dd4c806b9e1a00.jpg,640,640,6,177,126,223,397
1729_jpg.rf.cd0ec25026f77edda3dd4c806b9e1a00.jpg,640,640,7,352,86,404,376
1729_jpg.rf.cd0ec25026f77edda3dd4c806b9e1a00.jpg,640,640,-,421,195,484,308
1729_jpg.rf.cd0ec25026f77edda3dd4c806b9e1a00.jpg,640,640,0,496,75,554,349
2612_jpg.rf.e4afc6163d6fa5e448810b6f5e680d44.jpg,640,640,cos,32,222,197,378
2612_jpg.rf.e4afc6163d6fa5e448810b6f5e680d44.jpg,640,640,8,200,188,269,364
2612_jpg.rf.e4afc6163d6fa5e448810b6f5e680d44.jpg,640,640,2,269,170,321,389
2612_jpg.rf.e4afc6163d6fa5e448810b6f5e680d44.jpg,640,640,degrees,321,195,346,255
1106_jpg.rf.d73d084d6419130466a98f54f40cea4c.jpg,640,640,log,2,211,95,515
1106_jpg.rf.d73d084d6419130466a98f54f40cea4c.jpg,640,640,5,101,236,140,448
1106_jpg.rf.d73d084d6419130466a98f54f40cea4c.jpg,640,640,x,135,298,176,450
1106_jpg.rf.d73d084d6419130466a98f54f40cea4c.jpg,640,640,-,194,265,230,430
1106_jpg.rf.d73d084d6419130466a98f54f40cea4c.jpg,640,640,3,249,251,284,464
1106_jpg.rf.d73d084d6419130466a98f54f40cea4c.jpg,640,640,3,357,259,398,464
1106_jpg.rf.d73d084d6419130466a98f54f40cea4c.jpg,640,640,-,301,307,349,412
1106_jpg.rf.d73d084d6419130466a98f54f40cea4c.jpg,640,640,7,414,258,456,466
1106_jpg.rf.d73d084d6419130466a98f54f40cea4c.jpg,640,640,.,396,413,411,459
1359_jpg.rf.ee658a84104d9f1d558a3cac27ec8b68.jpg,640,640,x,62,369,126,547
1359_jpg.rf.ee658a84104d9f1d558a3cac27ec8b68.jpg,640,640,2,103,242,166,436
1359_jpg.rf.ee658a84104d9f1d558a3cac27ec8b68.jpg,640,640,-,195,387,280,435
1359_jpg.rf.ee658a84104d9f1d558a3cac27ec8b68.jpg,640,640,4,310,262,373,534
1359_jpg.rf.ee658a84104d9f1d558a3cac27ec8b68.jpg,640,640,-,398,339,495,455
1359_jpg.rf.ee658a84104d9f1d558a3cac27ec8b68.jpg,640,640,0,510,247,593,535
2752_jpg.rf.fac02ee89baebb23ef0c72c60fcf025d.jpg,640,640,y,63,282,128,486
2752_jpg.rf.fac02ee89baebb23ef0c72c60fcf025d.jpg,640,640,-,175,288,253,384
2752_jpg.rf.fac02ee89baebb23ef0c72c60fcf025d.jpg,640,640,2,292,221,371,435
2752_jpg.rf.fac02ee89baebb23ef0c72c60fcf025d.jpg,640,640,-,375,143,407,531
2752_jpg.rf.fac02ee89baebb23ef0c72c60fcf025d.jpg,640,640,3,438,142,480,313
2752_jpg.rf.fac02ee89baebb23ef0c72c60fcf025d.jpg,640,640,-,426,333,479,364
2752_jpg.rf.fac02ee89baebb23ef0c72c60fcf025d.jpg,640,640,4,418,389,477,544
2752_jpg.rf.fac02ee89baebb23ef0c72c60fcf025d.jpg,640,640,-,494,161,540,534
2752_jpg.rf.fac02ee89baebb23ef0c72c60fcf025d.jpg,640,640,x,529,129,574,229
2599_jpg.rf.e77bf30950f305007e41d2ad183c9b73.jpg,640,640,3,35,170,76,389
2599_jpg.rf.e77bf30950f305007e41d2ad183c9b73.jpg,640,640,2,81,201,135,392
2599_jpg.rf.e77bf30950f305007e41d2ad183c9b73.jpg,640,640,2,275,184,343,397
2599_jpg.rf.e77bf30950f305007e41d2ad183c9b73.jpg,640,640,5,126,118,160,297
2599_jpg.rf.e77bf30950f305007e41d2ad183c9b73.jpg,640,640,5,533,142,566,313
2599_jpg.rf.e77bf30950f305007e41d2ad183c9b73.jpg,640,640,p,156,185,186,367
2599_jpg.rf.e77bf30950f305007e41d2ad183c9b73.jpg,640,640,p,563,211,602,355
2599_jpg.rf.e77bf30950f305007e41d2ad183c9b73.jpg,640,640,1,445,208,487,398
2599_jpg.rf.e77bf30950f305007e41d2ad183c9b73.jpg,640,640,6,488,211,528,416
2599_jpg.rf.e77bf30950f305007e41d2ad183c9b73.jpg,640,640,-,358,222,428,413
2599_jpg.rf.e77bf30950f305007e41d2ad183c9b73.jpg,640,640,-,213,216,265,393
2579_jpg.rf.f6d34928c14d3c256defbedc3ecc95c8.jpg,640,640,1,144,68,200,253
2579_jpg.rf.f6d34928c14d3c256defbedc3ecc95c8.jpg,640,640,1,459,81,505,257
2579_jpg.rf.f6d34928c14d3c256defbedc3ecc95c8.jpg,640,640,1,518,381,559,543
2579_jpg.rf.f6d34928c14d3c256defbedc3ecc95c8.jpg,640,640,1,189,366,233,526
2579_jpg.rf.f6d34928c14d3c256defbedc3ecc95c8.jpg,640,640,1,280,218,352,392
2579_jpg.rf.f6d34928c14d3c256defbedc3ecc95c8.jpg,640,640,-,443,444,515,496
2579_jpg.rf.f6d34928c14d3c256defbedc3ecc95c8.jpg,640,640,a,52,408,121,516
2579_jpg.rf.f6d34928c14d3c256defbedc3ecc95c8.jpg,640,640,-,119,389,180,534
2579_jpg.rf.f6d34928c14d3c256defbedc3ecc95c8.jpg,640,640,-,45,274,256,341
2579_jpg.rf.f6d34928c14d3c256defbedc3ecc95c8.jpg,640,640,-,365,302,601,328
2579_jpg.rf.f6d34928c14d3c256defbedc3ecc95c8.jpg,640,640,a,387,418,434,521
2012_jpg.rf.fc2d3a81e850897809ec0ccdd97845f9.jpg,640,640,5,60,234,150,401
2012_jpg.rf.fc2d3a81e850897809ec0ccdd97845f9.jpg,640,640,x,165,274,246,419
2012_jpg.rf.fc2d3a81e850897809ec0ccdd97845f9.jpg,640,640,-,258,232,338,282
2012_jpg.rf.fc2d3a81e850897809ec0ccdd97845f9.jpg,640,640,4,341,194,420,339
1890_jpg.rf.de73a2ad8bc3c8d754e8a32bd80498c8.jpg,640,640,sqrt,148,48,376,234
1890_jpg.rf.de73a2ad8bc3c8d754e8a32bd80498c8.jpg,640,640,sqrt,20,347,469,547
1890_jpg.rf.de73a2ad8bc3c8d754e8a32bd80498c8.jpg,640,640,4,197,30,246,118
1890_jpg.rf.de73a2ad8bc3c8d754e8a32bd80498c8.jpg,640,640,4,276,106,366,233
1890_jpg.rf.de73a2ad8bc3c8d754e8a32bd80498c8.jpg,640,640,4,53,330,103,412
1890_jpg.rf.de73a2ad8bc3c8d754e8a32bd80498c8.jpg,640,640,4,359,425,434,554
1890_jpg.rf.de73a2ad8bc3c8d754e8a32bd80498c8.jpg,640,640,1,154,403,193,539
1890_jpg.rf.de73a2ad8bc3c8d754e8a32bd80498c8.jpg,640,640,0,216,404,278,542
1890_jpg.rf.de73a2ad8bc3c8d754e8a32bd80498c8.jpg,640,640,2,291,409,351,552
1890_jpg.rf.de73a2ad8bc3c8d754e8a32bd80498c8.jpg,640,640,-,19,257,471,328
2828_jpg.rf.febf7e0cedc4b99eaebbab9c3d1441f6.jpg,640,640,-,25,291,113,343
2828_jpg.rf.febf7e0cedc4b99eaebbab9c3d1441f6.jpg,640,640,2,109,210,176,391
2828_jpg.rf.febf7e0cedc4b99eaebbab9c3d1441f6.jpg,640,640,6,175,233,233,404
2828_jpg.rf.febf7e0cedc4b99eaebbab9c3d1441f6.jpg,640,640,-,275,251,353,421
2828_jpg.rf.febf7e0cedc4b99eaebbab9c3d1441f6.jpg,640,640,2,381,254,440,443
2828_jpg.rf.febf7e0cedc4b99eaebbab9c3d1441f6.jpg,640,640,6,446,262,494,434
2828_jpg.rf.febf7e0cedc4b99eaebbab9c3d1441f6.jpg,640,640,t,498,306,544,449
2811_jpg.rf.feb1388f0fc387be619e5a85472fe8c3.jpg,640,640,5,63,238,128,453
2811_jpg.rf.feb1388f0fc387be619e5a85472fe8c3.jpg,640,640,5,431,319,492,490
2811_jpg.rf.feb1388f0fc387be619e5a85472fe8c3.jpg,640,640,2,185,185,235,340
2811_jpg.rf.feb1388f0fc387be619e5a85472fe8c3.jpg,640,640,2,384,343,438,491
2811_jpg.rf.feb1388f0fc387be619e5a85472fe8c3.jpg,640,640,1,401,108,435,261
2811_jpg.rf.feb1388f0fc387be619e5a85472fe8c3.jpg,640,640,-,370,270,467,326
2811_jpg.rf.feb1388f0fc387be619e5a85472fe8c3.jpg,640,640,-,262,254,345,355
2811_jpg.rf.feb1388f0fc387be619e5a85472fe8c3.jpg,640,640,-,140,245,167,304